text,sentiment
Standard performance as described in the specification manual.,neutral
Fair build quality for daily routine usage.,neutral
Basic entry-level functionality. Adequate for simple tasks.,neutral
"This product is absolutely amazing! High quality, works smoothly, and exceeded my expectations.",positive
Surprisingly good quality! Exceeded my expectations for the price.,positive
False advertising! The product does not look anything like the photos.,negative
"Great quality fabric, comfortable fit, beautiful finish, and brilliant packaging.",positive
Standard instructions included in the box. Works okay.,neutral
"Extremely disappointed. Item arrived scratched, damaged, and non-functional.",negative
"Normal unboxing experience. Plain design, standard features.",neutral
Frustrating and glitchy! Keeps crashing and freezing every 5 minutes.,negative
Functions properly. Satisfactory for entry-level users.,neutral
Super impressed with the crisp display and battery life. 10 out of 10 recommended!,positive
"Wonderful experience! Fast shipping, immaculate packaging, excellent product.",positive
"Not bad at all, in fact it turned out to be wonderfully good and reliable.",positive
Terrible quality! Broke down on the very first day of normal usage.,negative
"Not good at all! Flimsy material, buttons stuck immediately.",negative
Defective product! Stopped working completely after just two days.,negative
"This product is absolutely amazing! High quality, works smoothly, and exceeded my expectations.",positive
Horrible experience! Drains battery in 30 minutes and gets dangerously hot.,negative
False advertising! The product does not look anything like the photos.,negative
"Never failed me once! Solid, durable, highly efficient, and great battery.",positive
"This product is absolutely amazing! High quality, works smoothly, and exceeded my expectations.",positive
"Extremely slow delivery, took 4 weeks and package was crushed.",negative
Surprisingly good quality! Exceeded my expectations for the price.,positive
"Worst packaging ever, contents were leaked and ruined on arrival.",negative
Best purchase ever. Works flawlessly and value for money is top-notch.,positive
Defective product! Stopped working completely after just two days.,negative
"Excellent build quality! Fits perfectly, looks stylish, and feels premium.",positive
"Lightweight, powerful, sleek design, and charges up super quickly.",positive
Average product. It works fine for basic daily tasks.,neutral
Unacceptable quality! Snapped in half with minimal gentle pressure.,negative
"Extremely disappointed. Item arrived scratched, damaged, and non-functional.",negative
Super impressed with the crisp display and battery life. 10 out of 10 recommended!,positive
Worst purchase ever made. Display has dead pixels and flickering lines.,negative
"Do not buy this garbage! Missing parts, wrong color, and terrible packaging.",negative
Moderate battery backup of about 6 hours. Acceptable performance.,neutral
Unacceptable quality! Snapped in half with minimal gentle pressure.,negative
Horrendous noise during operation. Unbearable sound quality.,negative
"I was hesitant at first, but this turned out to be the best purchase I made.",positive
Product meets basic expectations for the price paid.,neutral
"Excellent build quality! Fits perfectly, looks stylish, and feels premium.",positive
"Extremely disappointed. Item arrived scratched, damaged, and non-functional.",negative
"Extremely disappointed. Item arrived scratched, damaged, and non-functional.",negative
Very poor service. Refused to issue a refund for a defective item.,negative
"Extremely disappointed. Item arrived scratched, damaged, and non-functional.",negative
Defective product! Stopped working completely after just two days.,negative
"Top-notch performance! Super smooth, zero lag, love using it every single day.",positive
"Average display screen clarity, acceptable contrast for price.",neutral
"Delighted with this item. Packed safely, delivered early, works like a charm.",positive
Horrible experience! Drains battery in 30 minutes and gets dangerously hot.,negative
Very poor service. Refused to issue a refund for a defective item.,negative
Fair build quality for daily routine usage.,neutral
"Delighted with this item. Packed safely, delivered early, works like a charm.",positive
"Very pleased with the purchase. Easy to use, great battery backup, zero issues.",positive
Order processed normally. Item matches the online pictures.,neutral
Item arrived on time. Packaging was standard.,neutral
Unacceptable quality! Snapped in half with minimal gentle pressure.,negative
Terrible quality! Broke down on the very first day of normal usage.,negative
Regret buying this completely. Horrible performance and cheap build.,negative
Standard performance as described in the specification manual.,neutral
"It is okay, functions as advertised without anything extraordinary.",neutral
"Very pleased with the purchase. Easy to use, great battery backup, zero issues.",positive
"Love everything about this! Soft texture, sturdy stitching, highly satisfied.",positive
Controls are completely unresponsive. Impossible to use properly.,negative
Super impressed with the crisp display and battery life. 10 out of 10 recommended!,positive
"Average display screen clarity, acceptable contrast for price.",neutral
Customer service was exceptionally helpful and resolved my query instantly with a smile.,positive
"Normal unboxing experience. Plain design, standard features.",neutral
Regret buying this completely. Horrible performance and cheap build.,negative
Exceeded all my expectations! Truly high performance and great build quality.,positive
"Five stars without doubt! Remarkable clarity, deep bass, and superb sound.",positive
Order processed normally. Item matches the online pictures.,neutral
False advertising! The product does not look anything like the photos.,negative
"Lightweight, powerful, sleek design, and charges up super quickly.",positive
Controls are completely unresponsive. Impossible to use properly.,negative
"Do not buy this garbage! Missing parts, wrong color, and terrible packaging.",negative
Exceeded all my expectations! Truly high performance and great build quality.,positive
Decent quality considering the price point. Neither bad nor great.,neutral
Total scam! Sent a used scratched item instead of brand new.,negative
Regret buying this completely. Horrible performance and cheap build.,negative
Unacceptable quality! Snapped in half with minimal gentle pressure.,negative
"Camera photos are blurry, grainy, and awful in low light.",negative
"This product is absolutely amazing! High quality, works smoothly, and exceeded my expectations.",positive
Standard performance as described in the specification manual.,neutral
"Highly recommended! Outstanding craftsmanship, durable materials, and great seller.",positive
"Great quality fabric, comfortable fit, beautiful finish, and brilliant packaging.",positive
Super impressed with the crisp display and battery life. 10 out of 10 recommended!,positive
"Never failed me once! Solid, durable, highly efficient, and great battery.",positive
Horrible experience! Drains battery in 30 minutes and gets dangerously hot.,negative
Product arrived as ordered. Nothing special to report.,neutral
Unacceptable quality! Snapped in half with minimal gentle pressure.,negative
"This product is absolutely amazing! High quality, works smoothly, and exceeded my expectations.",positive
"Normal unboxing experience. Plain design, standard features.",neutral
"Never failed me once! Solid, durable, highly efficient, and great battery.",positive
"Highly recommended! Outstanding craftsmanship, durable materials, and great seller.",positive
Super impressed with the crisp display and battery life. 10 out of 10 recommended!,positive
Exceeded all my expectations! Truly high performance and great build quality.,positive
"Wonderful experience! Fast shipping, immaculate packaging, excellent product.",positive
Fair build quality for daily routine usage.,neutral
"Battery life is terrible, dies within an hour of light usage.",negative
"Not good at all! Flimsy material, buttons stuck immediately.",negative
"I was hesitant at first, but this turned out to be the best purchase I made.",positive
"This product is absolutely amazing! High quality, works smoothly, and exceeded my expectations.",positive
Zero quality control! Arrived broken and support ignored all my emails.,negative
"Normal unboxing experience. Plain design, standard features.",neutral
Awesome product! Arrived earlier than expected in pristine untouched condition.,positive
"I was hesitant at first, but this turned out to be the best purchase I made.",positive
Standard performance as described in the specification manual.,neutral
"Complete waste of money. Cheap plastic feel, useless customer support.",negative
Average product. It works fine for basic daily tasks.,neutral
"Battery life is terrible, dies within an hour of light usage.",negative
Horrendous noise during operation. Unbearable sound quality.,negative
Best purchase ever. Works flawlessly and value for money is top-notch.,positive
"Wonderful experience! Fast shipping, immaculate packaging, excellent product.",positive
Works like magic! Setup was a total breeze and everything runs smoothly.,positive
"Do not buy this garbage! Missing parts, wrong color, and terrible packaging.",negative
"Highly recommended! Outstanding craftsmanship, durable materials, and great seller.",positive
Order processed normally. Item matches the online pictures.,neutral
Worst purchase ever made. Display has dead pixels and flickering lines.,negative
"Highly recommended! Outstanding craftsmanship, durable materials, and great seller.",positive
Item arrived on time. Packaging was standard.,neutral
Controls are completely unresponsive. Impossible to use properly.,negative
Fair build quality for daily routine usage.,neutral
Standard instructions included in the box. Works okay.,neutral
Super impressed with the crisp display and battery life. 10 out of 10 recommended!,positive
Moderate battery backup of about 6 hours. Acceptable performance.,neutral
Product arrived as ordered. Nothing special to report.,neutral
Total scam! Sent a used scratched item instead of brand new.,negative
"Extremely slow delivery, took 4 weeks and package was crushed.",negative
"Extremely disappointed. Item arrived scratched, damaged, and non-functional.",negative
Zero quality control! Arrived broken and support ignored all my emails.,negative
"Five stars without doubt! Remarkable clarity, deep bass, and superb sound.",positive
Product meets basic expectations for the price paid.,neutral
Fair build quality for daily routine usage.,neutral
Horrible experience! Drains battery in 30 minutes and gets dangerously hot.,negative
Couldn't be happier with this choice! Premium feel at a very affordable price.,positive
"Do not buy this garbage! Missing parts, wrong color, and terrible packaging.",negative
Zero quality control! Arrived broken and support ignored all my emails.,negative
Horrendous noise during operation. Unbearable sound quality.,negative
"Complete waste of money. Cheap plastic feel, useless customer support.",negative
"Excellent build quality! Fits perfectly, looks stylish, and feels premium.",positive
Item arrived on time. Packaging was standard.,neutral
Utterly useless. Save your hard-earned money and buy something else.,negative
"Complete waste of money. Cheap plastic feel, useless customer support.",negative
Super impressed with the crisp display and battery life. 10 out of 10 recommended!,positive
Reasonable quality for basic home usage.,neutral
"Fabric is paper thin, shrunk after first wash, and stitching came apart.",negative
"Plain design, normal weight, performs standard tasks.",neutral
"Worst packaging ever, contents were leaked and ruined on arrival.",negative
Extremely happy with this purchase. Outstanding performance and super fast delivery.,positive
Horrendous noise during operation. Unbearable sound quality.,negative
Extremely happy with this purchase. Outstanding performance and super fast delivery.,positive
Product meets basic expectations for the price paid.,neutral
Utterly useless. Save your hard-earned money and buy something else.,negative
Standard instructions included in the box. Works okay.,neutral
Moderate battery backup of about 6 hours. Acceptable performance.,neutral
"Excellent build quality! Fits perfectly, looks stylish, and feels premium.",positive
Fair build quality for daily routine usage.,neutral
Defective product! Stopped working completely after just two days.,negative
Standard performance as described in the specification manual.,neutral
Functions properly. Satisfactory for entry-level users.,neutral
Couldn't be happier with this choice! Premium feel at a very affordable price.,positive
Product arrived as ordered. Nothing special to report.,neutral
Standard performance as described in the specification manual.,neutral
"It is okay, functions as advertised without anything extraordinary.",neutral
"Do not buy this garbage! Missing parts, wrong color, and terrible packaging.",negative
Product arrived as ordered. Nothing special to report.,neutral
Surprisingly good quality! Exceeded my expectations for the price.,positive
Zero quality control! Arrived broken and support ignored all my emails.,negative
"Not bad at all, in fact it turned out to be wonderfully good and reliable.",positive
Functions properly. Satisfactory for entry-level users.,neutral
Seamless experience. Everything works out of the box with no headache.,positive
Standard instructions included in the box. Works okay.,neutral
Controls are completely unresponsive. Impossible to use properly.,negative
"Fabric is paper thin, shrunk after first wash, and stitching came apart.",negative
"Highly recommended! Outstanding craftsmanship, durable materials, and great seller.",positive
Terrible quality! Broke down on the very first day of normal usage.,negative
"Worst packaging ever, contents were leaked and ruined on arrival.",negative
Extremely happy with this purchase. Outstanding performance and super fast delivery.,positive
Product arrived as ordered. Nothing special to report.,neutral
"Worst packaging ever, contents were leaked and ruined on arrival.",negative
Reasonable quality for basic home usage.,neutral
"Very pleased with the purchase. Easy to use, great battery backup, zero issues.",positive
"Never failed me once! Solid, durable, highly efficient, and great battery.",positive
Extremely happy with this purchase. Outstanding performance and super fast delivery.,positive
Total scam! Sent a used scratched item instead of brand new.,negative
"Very pleased with the purchase. Easy to use, great battery backup, zero issues.",positive
Fantastic customer support! Replaced my item immediately without any hassle.,positive
Regret buying this completely. Horrible performance and cheap build.,negative
False advertising! The product does not look anything like the photos.,negative
"Extremely slow delivery, took 4 weeks and package was crushed.",negative
"Not good at all! Flimsy material, buttons stuck immediately.",negative
"Not good at all! Flimsy material, buttons stuck immediately.",negative
"Do not buy this garbage! Missing parts, wrong color, and terrible packaging.",negative
"Do not buy this garbage! Missing parts, wrong color, and terrible packaging.",negative
Average product. It works fine for basic daily tasks.,neutral
"Excellent build quality! Fits perfectly, looks stylish, and feels premium.",positive
Customer service was exceptionally helpful and resolved my query instantly with a smile.,positive
"I was hesitant at first, but this turned out to be the best purchase I made.",positive
"Lightweight, powerful, sleek design, and charges up super quickly.",positive
Standard performance as described in the specification manual.,neutral
"Wonderful experience! Fast shipping, immaculate packaging, excellent product.",positive
"This product is absolutely amazing! High quality, works smoothly, and exceeded my expectations.",positive
Horrendous noise during operation. Unbearable sound quality.,negative
"Not bad at all, in fact it turned out to be wonderfully good and reliable.",positive
"Fabric is paper thin, shrunk after first wash, and stitching came apart.",negative
Utterly useless. Save your hard-earned money and buy something else.,negative
"Normal unboxing experience. Plain design, standard features.",neutral
Product arrived as ordered. Nothing special to report.,neutral
Zero quality control! Arrived broken and support ignored all my emails.,negative
Worst purchase ever made. Display has dead pixels and flickering lines.,negative
"Delighted with this item. Packed safely, delivered early, works like a charm.",positive
Standard instructions included in the box. Works okay.,neutral
Zero quality control! Arrived broken and support ignored all my emails.,negative
Awesome product! Arrived earlier than expected in pristine untouched condition.,positive
"Fabric is paper thin, shrunk after first wash, and stitching came apart.",negative
"Extremely slow delivery, took 4 weeks and package was crushed.",negative
"Not bad at all, in fact it turned out to be wonderfully good and reliable.",positive
"Love everything about this! Soft texture, sturdy stitching, highly satisfied.",positive
"This product is absolutely amazing! High quality, works smoothly, and exceeded my expectations.",positive
Extremely bad experience! Software is full of bugs and freezes.,negative
"Extremely disappointed. Item arrived scratched, damaged, and non-functional.",negative
Awesome product! Arrived earlier than expected in pristine untouched condition.,positive
Basic entry-level functionality. Adequate for simple tasks.,neutral
Very poor service. Refused to issue a refund for a defective item.,negative
Terrible quality! Broke down on the very first day of normal usage.,negative
Average product. It works fine for basic daily tasks.,neutral
Worst purchase ever made. Display has dead pixels and flickering lines.,negative
Worst purchase ever made. Display has dead pixels and flickering lines.,negative
Fair build quality for daily routine usage.,neutral
"Lightweight, powerful, sleek design, and charges up super quickly.",positive
Reasonable quality for basic home usage.,neutral
False advertising! The product does not look anything like the photos.,negative
Basic entry-level functionality. Adequate for simple tasks.,neutral
"Extremely disappointed. Item arrived scratched, damaged, and non-functional.",negative
"Excellent build quality! Fits perfectly, looks stylish, and feels premium.",positive
Horrible experience! Drains battery in 30 minutes and gets dangerously hot.,negative
"Wonderful experience! Fast shipping, immaculate packaging, excellent product.",positive
"Not good at all! Flimsy material, buttons stuck immediately.",negative
Overpriced piece of junk! Performs far worse than cheap alternatives.,negative
Unacceptable quality! Snapped in half with minimal gentle pressure.,negative
"Not bad at all, in fact it turned out to be wonderfully good and reliable.",positive
Exceeded all my expectations! Truly high performance and great build quality.,positive
"Five stars without doubt! Remarkable clarity, deep bass, and superb sound.",positive
"Top-notch performance! Super smooth, zero lag, love using it every single day.",positive
Fair build quality for daily routine usage.,neutral
Decent quality considering the price point. Neither bad nor great.,neutral
"Highly recommended! Outstanding craftsmanship, durable materials, and great seller.",positive
Horrible experience! Drains battery in 30 minutes and gets dangerously hot.,negative
"Plain design, normal weight, performs standard tasks.",neutral
Standard instructions included in the box. Works okay.,neutral
Zero quality control! Arrived broken and support ignored all my emails.,negative
"Never failed me once! Solid, durable, highly efficient, and great battery.",positive
Seamless experience. Everything works out of the box with no headache.,positive
Decent quality considering the price point. Neither bad nor great.,neutral
Seamless experience. Everything works out of the box with no headache.,positive
Worst purchase ever made. Display has dead pixels and flickering lines.,negative
Couldn't be happier with this choice! Premium feel at a very affordable price.,positive
"Delighted with this item. Packed safely, delivered early, works like a charm.",positive
Average product. It works fine for basic daily tasks.,neutral
Total scam! Sent a used scratched item instead of brand new.,negative
Standard shipping time. Fits true to size.,neutral
Super impressed with the crisp display and battery life. 10 out of 10 recommended!,positive
Reasonable quality for basic home usage.,neutral
Works like magic! Setup was a total breeze and everything runs smoothly.,positive
"Extremely slow delivery, took 4 weeks and package was crushed.",negative
"Battery life is terrible, dies within an hour of light usage.",negative
Utterly useless. Save your hard-earned money and buy something else.,negative
"Average display screen clarity, acceptable contrast for price.",neutral
Average product. It works fine for basic daily tasks.,neutral
Controls are completely unresponsive. Impossible to use properly.,negative
Awesome product! Arrived earlier than expected in pristine untouched condition.,positive
Super impressed with the crisp display and battery life. 10 out of 10 recommended!,positive
"Not bad at all, in fact it turned out to be wonderfully good and reliable.",positive
"I was hesitant at first, but this turned out to be the best purchase I made.",positive
"Do not buy this garbage! Missing parts, wrong color, and terrible packaging.",negative
Moderate battery backup of about 6 hours. Acceptable performance.,neutral
Defective product! Stopped working completely after just two days.,negative
"Great quality fabric, comfortable fit, beautiful finish, and brilliant packaging.",positive
Utterly useless. Save your hard-earned money and buy something else.,negative
Functions properly. Satisfactory for entry-level users.,neutral
"Excellent build quality! Fits perfectly, looks stylish, and feels premium.",positive
"Complete waste of money. Cheap plastic feel, useless customer support.",negative
"It is okay, functions as advertised without anything extraordinary.",neutral
Very poor service. Refused to issue a refund for a defective item.,negative
Reasonable quality for basic home usage.,neutral
"Never failed me once! Solid, durable, highly efficient, and great battery.",positive
Regret buying this completely. Horrible performance and cheap build.,negative
Standard performance as described in the specification manual.,neutral
"Five stars without doubt! Remarkable clarity, deep bass, and superb sound.",positive
"Love everything about this! Soft texture, sturdy stitching, highly satisfied.",positive
Customer service was exceptionally helpful and resolved my query instantly with a smile.,positive
Functions properly. Satisfactory for entry-level users.,neutral
"Plain design, normal weight, performs standard tasks.",neutral
"Very pleased with the purchase. Easy to use, great battery backup, zero issues.",positive
"Great quality fabric, comfortable fit, beautiful finish, and brilliant packaging.",positive
"Great quality fabric, comfortable fit, beautiful finish, and brilliant packaging.",positive
Reasonable quality for basic home usage.,neutral
Unacceptable quality! Snapped in half with minimal gentle pressure.,negative
Works like magic! Setup was a total breeze and everything runs smoothly.,positive
"Normal unboxing experience. Plain design, standard features.",neutral
Product is acceptable. Delivery took standard 4 business days.,neutral
"It is okay, functions as advertised without anything extraordinary.",neutral
"I was hesitant at first, but this turned out to be the best purchase I made.",positive
Product arrived as ordered. Nothing special to report.,neutral
"Battery life is terrible, dies within an hour of light usage.",negative
Works like magic! Setup was a total breeze and everything runs smoothly.,positive
"Delighted with this item. Packed safely, delivered early, works like a charm.",positive
"Love everything about this! Soft texture, sturdy stitching, highly satisfied.",positive
Average product. It works fine for basic daily tasks.,neutral
Seamless experience. Everything works out of the box with no headache.,positive
"Lightweight, powerful, sleek design, and charges up super quickly.",positive
Works like magic! Setup was a total breeze and everything runs smoothly.,positive
"Normal unboxing experience. Plain design, standard features.",neutral
Utterly useless. Save your hard-earned money and buy something else.,negative
"Fabric is paper thin, shrunk after first wash, and stitching came apart.",negative
It gets the job done. Middle of the road option.,neutral
Super impressed with the crisp display and battery life. 10 out of 10 recommended!,positive
False advertising! The product does not look anything like the photos.,negative
"Great quality fabric, comfortable fit, beautiful finish, and brilliant packaging.",positive
"Not bad at all, in fact it turned out to be wonderfully good and reliable.",positive
Exceeded all my expectations! Truly high performance and great build quality.,positive
Customer service was exceptionally helpful and resolved my query instantly with a smile.,positive
Extremely happy with this purchase. Outstanding performance and super fast delivery.,positive
"Camera photos are blurry, grainy, and awful in low light.",negative
Very poor service. Refused to issue a refund for a defective item.,negative
Seamless experience. Everything works out of the box with no headache.,positive
Standard performance as described in the specification manual.,neutral
"Fabric is paper thin, shrunk after first wash, and stitching came apart.",negative
"Camera photos are blurry, grainy, and awful in low light.",negative
Horrible experience! Drains battery in 30 minutes and gets dangerously hot.,negative
Horrible experience! Drains battery in 30 minutes and gets dangerously hot.,negative
Product arrived as ordered. Nothing special to report.,neutral
Product is acceptable. Delivery took standard 4 business days.,neutral
"Extremely slow delivery, took 4 weeks and package was crushed.",negative
Total scam! Sent a used scratched item instead of brand new.,negative
"Camera photos are blurry, grainy, and awful in low light.",negative
Couldn't be happier with this choice! Premium feel at a very affordable price.,positive
"Extremely slow delivery, took 4 weeks and package was crushed.",negative
"Average display screen clarity, acceptable contrast for price.",neutral
"Battery life is terrible, dies within an hour of light usage.",negative
Surprisingly good quality! Exceeded my expectations for the price.,positive
Total scam! Sent a used scratched item instead of brand new.,negative
"Never failed me once! Solid, durable, highly efficient, and great battery.",positive
"This product is absolutely amazing! High quality, works smoothly, and exceeded my expectations.",positive
Exceeded all my expectations! Truly high performance and great build quality.,positive
"Worst packaging ever, contents were leaked and ruined on arrival.",negative
"Never failed me once! Solid, durable, highly efficient, and great battery.",positive
Regret buying this completely. Horrible performance and cheap build.,negative
Seamless experience. Everything works out of the box with no headache.,positive
"Extremely disappointed. Item arrived scratched, damaged, and non-functional.",negative
Fantastic customer support! Replaced my item immediately without any hassle.,positive
Total scam! Sent a used scratched item instead of brand new.,negative
Functions properly. Satisfactory for entry-level users.,neutral
Frustrating and glitchy! Keeps crashing and freezing every 5 minutes.,negative
It gets the job done. Middle of the road option.,neutral
Surprisingly good quality! Exceeded my expectations for the price.,positive
Customer service was exceptionally helpful and resolved my query instantly with a smile.,positive
Total scam! Sent a used scratched item instead of brand new.,negative
Very poor service. Refused to issue a refund for a defective item.,negative
Customer service was exceptionally helpful and resolved my query instantly with a smile.,positive
Terrible quality! Broke down on the very first day of normal usage.,negative
Product is acceptable. Delivery took standard 4 business days.,neutral
"Top-notch performance! Super smooth, zero lag, love using it every single day.",positive
Exceeded all my expectations! Truly high performance and great build quality.,positive
Very poor service. Refused to issue a refund for a defective item.,negative
"Five stars without doubt! Remarkable clarity, deep bass, and superb sound.",positive
"Five stars without doubt! Remarkable clarity, deep bass, and superb sound.",positive
It gets the job done. Middle of the road option.,neutral
"Camera photos are blurry, grainy, and awful in low light.",negative
"Lightweight, powerful, sleek design, and charges up super quickly.",positive
Reasonable quality for basic home usage.,neutral
"Fabric is paper thin, shrunk after first wash, and stitching came apart.",negative
Very poor service. Refused to issue a refund for a defective item.,negative
"Excellent build quality! Fits perfectly, looks stylish, and feels premium.",positive
Super impressed with the crisp display and battery life. 10 out of 10 recommended!,positive
Terrible quality! Broke down on the very first day of normal usage.,negative
"Great quality fabric, comfortable fit, beautiful finish, and brilliant packaging.",positive
Seamless experience. Everything works out of the box with no headache.,positive
Decent quality considering the price point. Neither bad nor great.,neutral
Decent quality considering the price point. Neither bad nor great.,neutral
Surprisingly good quality! Exceeded my expectations for the price.,positive
Standard shipping time. Fits true to size.,neutral
"Five stars without doubt! Remarkable clarity, deep bass, and superb sound.",positive
Awesome product! Arrived earlier than expected in pristine untouched condition.,positive
"Top-notch performance! Super smooth, zero lag, love using it every single day.",positive
Utterly useless. Save your hard-earned money and buy something else.,negative
Overpriced piece of junk! Performs far worse than cheap alternatives.,negative
Extremely happy with this purchase. Outstanding performance and super fast delivery.,positive
"Extremely slow delivery, took 4 weeks and package was crushed.",negative
Fantastic customer support! Replaced my item immediately without any hassle.,positive
Reasonable quality for basic home usage.,neutral
Works like magic! Setup was a total breeze and everything runs smoothly.,positive
Fair build quality for daily routine usage.,neutral
Moderate battery backup of about 6 hours. Acceptable performance.,neutral
Standard shipping time. Fits true to size.,neutral
"Excellent build quality! Fits perfectly, looks stylish, and feels premium.",positive
Moderate battery backup of about 6 hours. Acceptable performance.,neutral
Best purchase ever. Works flawlessly and value for money is top-notch.,positive
"Not good at all! Flimsy material, buttons stuck immediately.",negative
Fantastic customer support! Replaced my item immediately without any hassle.,positive
Product arrived as ordered. Nothing special to report.,neutral
"I was hesitant at first, but this turned out to be the best purchase I made.",positive
"Plain design, normal weight, performs standard tasks.",neutral
Unacceptable quality! Snapped in half with minimal gentle pressure.,negative
Item arrived on time. Packaging was standard.,neutral
Extremely happy with this purchase. Outstanding performance and super fast delivery.,positive
"Average display screen clarity, acceptable contrast for price.",neutral
Awesome product! Arrived earlier than expected in pristine untouched condition.,positive
"Lightweight, powerful, sleek design, and charges up super quickly.",positive
"Normal unboxing experience. Plain design, standard features.",neutral
"Battery life is terrible, dies within an hour of light usage.",negative
"Wonderful experience! Fast shipping, immaculate packaging, excellent product.",positive
Moderate battery backup of about 6 hours. Acceptable performance.,neutral
Works like magic! Setup was a total breeze and everything runs smoothly.,positive
Frustrating and glitchy! Keeps crashing and freezing every 5 minutes.,negative
"Great quality fabric, comfortable fit, beautiful finish, and brilliant packaging.",positive
Product arrived as ordered. Nothing special to report.,neutral
It gets the job done. Middle of the road option.,neutral
Decent quality considering the price point. Neither bad nor great.,neutral
Moderate battery backup of about 6 hours. Acceptable performance.,neutral
"Average display screen clarity, acceptable contrast for price.",neutral
Super impressed with the crisp display and battery life. 10 out of 10 recommended!,positive
Product is acceptable. Delivery took standard 4 business days.,neutral
Controls are completely unresponsive. Impossible to use properly.,negative
Standard shipping time. Fits true to size.,neutral
Extremely bad experience! Software is full of bugs and freezes.,negative
Seamless experience. Everything works out of the box with no headache.,positive
"Normal unboxing experience. Plain design, standard features.",neutral
"Do not buy this garbage! Missing parts, wrong color, and terrible packaging.",negative
Order processed normally. Item matches the online pictures.,neutral
"Worst packaging ever, contents were leaked and ruined on arrival.",negative
Terrible quality! Broke down on the very first day of normal usage.,negative
"Complete waste of money. Cheap plastic feel, useless customer support.",negative
"Not good at all! Flimsy material, buttons stuck immediately.",negative
"Fabric is paper thin, shrunk after first wash, and stitching came apart.",negative
Product arrived as ordered. Nothing special to report.,neutral
It gets the job done. Middle of the road option.,neutral
It gets the job done. Middle of the road option.,neutral
"Top-notch performance! Super smooth, zero lag, love using it every single day.",positive
Standard shipping time. Fits true to size.,neutral
"I was hesitant at first, but this turned out to be the best purchase I made.",positive
Works like magic! Setup was a total breeze and everything runs smoothly.,positive
"Average display screen clarity, acceptable contrast for price.",neutral
Unacceptable quality! Snapped in half with minimal gentle pressure.,negative
Couldn't be happier with this choice! Premium feel at a very affordable price.,positive
"Average display screen clarity, acceptable contrast for price.",neutral
Horrible experience! Drains battery in 30 minutes and gets dangerously hot.,negative
"Lightweight, powerful, sleek design, and charges up super quickly.",positive
Horrendous noise during operation. Unbearable sound quality.,negative
Product is acceptable. Delivery took standard 4 business days.,neutral
"Excellent build quality! Fits perfectly, looks stylish, and feels premium.",positive
"I was hesitant at first, but this turned out to be the best purchase I made.",positive
Very poor service. Refused to issue a refund for a defective item.,negative
Order processed normally. Item matches the online pictures.,neutral
Works like magic! Setup was a total breeze and everything runs smoothly.,positive
Horrendous noise during operation. Unbearable sound quality.,negative
Average product. It works fine for basic daily tasks.,neutral
False advertising! The product does not look anything like the photos.,negative
Extremely bad experience! Software is full of bugs and freezes.,negative
"Very pleased with the purchase. Easy to use, great battery backup, zero issues.",positive
Order processed normally. Item matches the online pictures.,neutral
"Wonderful experience! Fast shipping, immaculate packaging, excellent product.",positive
Best purchase ever. Works flawlessly and value for money is top-notch.,positive
It gets the job done. Middle of the road option.,neutral
Extremely bad experience! Software is full of bugs and freezes.,negative
"Delighted with this item. Packed safely, delivered early, works like a charm.",positive
"Battery life is terrible, dies within an hour of light usage.",negative
Product meets basic expectations for the price paid.,neutral
"Delighted with this item. Packed safely, delivered early, works like a charm.",positive
Couldn't be happier with this choice! Premium feel at a very affordable price.,positive
"Not good at all! Flimsy material, buttons stuck immediately.",negative
Surprisingly good quality! Exceeded my expectations for the price.,positive
Best purchase ever. Works flawlessly and value for money is top-notch.,positive
"Plain design, normal weight, performs standard tasks.",neutral
Worst purchase ever made. Display has dead pixels and flickering lines.,negative
It gets the job done. Middle of the road option.,neutral
"Five stars without doubt! Remarkable clarity, deep bass, and superb sound.",positive
Regret buying this completely. Horrible performance and cheap build.,negative
Standard instructions included in the box. Works okay.,neutral
Seamless experience. Everything works out of the box with no headache.,positive
Overpriced piece of junk! Performs far worse than cheap alternatives.,negative
Customer service was exceptionally helpful and resolved my query instantly with a smile.,positive
"Fabric is paper thin, shrunk after first wash, and stitching came apart.",negative
Total scam! Sent a used scratched item instead of brand new.,negative
"Do not buy this garbage! Missing parts, wrong color, and terrible packaging.",negative
Overpriced piece of junk! Performs far worse than cheap alternatives.,negative
Standard instructions included in the box. Works okay.,neutral
"Very pleased with the purchase. Easy to use, great battery backup, zero issues.",positive
"Excellent build quality! Fits perfectly, looks stylish, and feels premium.",positive
Decent quality considering the price point. Neither bad nor great.,neutral
"This product is absolutely amazing! High quality, works smoothly, and exceeded my expectations.",positive
"It is okay, functions as advertised without anything extraordinary.",neutral
Average product. It works fine for basic daily tasks.,neutral
Controls are completely unresponsive. Impossible to use properly.,negative
"Worst packaging ever, contents were leaked and ruined on arrival.",negative
Unacceptable quality! Snapped in half with minimal gentle pressure.,negative
Awesome product! Arrived earlier than expected in pristine untouched condition.,positive
Terrible quality! Broke down on the very first day of normal usage.,negative
"Not good at all! Flimsy material, buttons stuck immediately.",negative
Controls are completely unresponsive. Impossible to use properly.,negative
"It is okay, functions as advertised without anything extraordinary.",neutral
Fantastic customer support! Replaced my item immediately without any hassle.,positive
Average product. It works fine for basic daily tasks.,neutral
Unacceptable quality! Snapped in half with minimal gentle pressure.,negative
"Normal unboxing experience. Plain design, standard features.",neutral
Standard performance as described in the specification manual.,neutral
Standard performance as described in the specification manual.,neutral
Seamless experience. Everything works out of the box with no headache.,positive
Customer service was exceptionally helpful and resolved my query instantly with a smile.,positive
"Extremely disappointed. Item arrived scratched, damaged, and non-functional.",negative
Controls are completely unresponsive. Impossible to use properly.,negative
Fair build quality for daily routine usage.,neutral
"Great quality fabric, comfortable fit, beautiful finish, and brilliant packaging.",positive
"Camera photos are blurry, grainy, and awful in low light.",negative
"Top-notch performance! Super smooth, zero lag, love using it every single day.",positive
Best purchase ever. Works flawlessly and value for money is top-notch.,positive
Basic entry-level functionality. Adequate for simple tasks.,neutral
Unacceptable quality! Snapped in half with minimal gentle pressure.,negative
"Great quality fabric, comfortable fit, beautiful finish, and brilliant packaging.",positive
Basic entry-level functionality. Adequate for simple tasks.,neutral
"It is okay, functions as advertised without anything extraordinary.",neutral
"Battery life is terrible, dies within an hour of light usage.",negative
Frustrating and glitchy! Keeps crashing and freezing every 5 minutes.,negative
Zero quality control! Arrived broken and support ignored all my emails.,negative
Extremely bad experience! Software is full of bugs and freezes.,negative
Super impressed with the crisp display and battery life. 10 out of 10 recommended!,positive
Couldn't be happier with this choice! Premium feel at a very affordable price.,positive
Controls are completely unresponsive. Impossible to use properly.,negative
"Do not buy this garbage! Missing parts, wrong color, and terrible packaging.",negative
Terrible quality! Broke down on the very first day of normal usage.,negative
"Wonderful experience! Fast shipping, immaculate packaging, excellent product.",positive
Decent quality considering the price point. Neither bad nor great.,neutral
"Complete waste of money. Cheap plastic feel, useless customer support.",negative
Regret buying this completely. Horrible performance and cheap build.,negative
Order processed normally. Item matches the online pictures.,neutral
"Love everything about this! Soft texture, sturdy stitching, highly satisfied.",positive
"I was hesitant at first, but this turned out to be the best purchase I made.",positive
It gets the job done. Middle of the road option.,neutral
Fair build quality for daily routine usage.,neutral
Customer service was exceptionally helpful and resolved my query instantly with a smile.,positive
Utterly useless. Save your hard-earned money and buy something else.,negative
"Plain design, normal weight, performs standard tasks.",neutral
Defective product! Stopped working completely after just two days.,negative
"Worst packaging ever, contents were leaked and ruined on arrival.",negative
Product is acceptable. Delivery took standard 4 business days.,neutral
"Extremely slow delivery, took 4 weeks and package was crushed.",negative
"This product is absolutely amazing! High quality, works smoothly, and exceeded my expectations.",positive
"Fabric is paper thin, shrunk after first wash, and stitching came apart.",negative
Average product. It works fine for basic daily tasks.,neutral
"Fabric is paper thin, shrunk after first wash, and stitching came apart.",negative
"Fabric is paper thin, shrunk after first wash, and stitching came apart.",negative
Reasonable quality for basic home usage.,neutral
False advertising! The product does not look anything like the photos.,negative
"Never failed me once! Solid, durable, highly efficient, and great battery.",positive
Couldn't be happier with this choice! Premium feel at a very affordable price.,positive
Standard shipping time. Fits true to size.,neutral
"It is okay, functions as advertised without anything extraordinary.",neutral
Average product. It works fine for basic daily tasks.,neutral
Extremely happy with this purchase. Outstanding performance and super fast delivery.,positive
Standard performance as described in the specification manual.,neutral
"Excellent build quality! Fits perfectly, looks stylish, and feels premium.",positive
"Complete waste of money. Cheap plastic feel, useless customer support.",negative
Moderate battery backup of about 6 hours. Acceptable performance.,neutral
Regret buying this completely. Horrible performance and cheap build.,negative
Product is acceptable. Delivery took standard 4 business days.,neutral
"Complete waste of money. Cheap plastic feel, useless customer support.",negative
Product meets basic expectations for the price paid.,neutral
"Very pleased with the purchase. Easy to use, great battery backup, zero issues.",positive
Order processed normally. Item matches the online pictures.,neutral
Frustrating and glitchy! Keeps crashing and freezing every 5 minutes.,negative
Unacceptable quality! Snapped in half with minimal gentle pressure.,negative
Couldn't be happier with this choice! Premium feel at a very affordable price.,positive
Exceeded all my expectations! Truly high performance and great build quality.,positive
Basic entry-level functionality. Adequate for simple tasks.,neutral
Product arrived as ordered. Nothing special to report.,neutral
Reasonable quality for basic home usage.,neutral
"I was hesitant at first, but this turned out to be the best purchase I made.",positive
Zero quality control! Arrived broken and support ignored all my emails.,negative
Reasonable quality for basic home usage.,neutral
Product arrived as ordered. Nothing special to report.,neutral
Awesome product! Arrived earlier than expected in pristine untouched condition.,positive
"Do not buy this garbage! Missing parts, wrong color, and terrible packaging.",negative
"Not bad at all, in fact it turned out to be wonderfully good and reliable.",positive
Fair build quality for daily routine usage.,neutral
Customer service was exceptionally helpful and resolved my query instantly with a smile.,positive
"Average display screen clarity, acceptable contrast for price.",neutral
Moderate battery backup of about 6 hours. Acceptable performance.,neutral
"Do not buy this garbage! Missing parts, wrong color, and terrible packaging.",negative
"Average display screen clarity, acceptable contrast for price.",neutral
Utterly useless. Save your hard-earned money and buy something else.,negative
Standard shipping time. Fits true to size.,neutral
"Delighted with this item. Packed safely, delivered early, works like a charm.",positive
Total scam! Sent a used scratched item instead of brand new.,negative
It gets the job done. Middle of the road option.,neutral
Moderate battery backup of about 6 hours. Acceptable performance.,neutral
Controls are completely unresponsive. Impossible to use properly.,negative
"Do not buy this garbage! Missing parts, wrong color, and terrible packaging.",negative
"Never failed me once! Solid, durable, highly efficient, and great battery.",positive
Standard shipping time. Fits true to size.,neutral
Standard shipping time. Fits true to size.,neutral
Worst purchase ever made. Display has dead pixels and flickering lines.,negative
"Top-notch performance! Super smooth, zero lag, love using it every single day.",positive
"Camera photos are blurry, grainy, and awful in low light.",negative
Standard instructions included in the box. Works okay.,neutral
Moderate battery backup of about 6 hours. Acceptable performance.,neutral
Basic entry-level functionality. Adequate for simple tasks.,neutral
"Average display screen clarity, acceptable contrast for price.",neutral
"I was hesitant at first, but this turned out to be the best purchase I made.",positive
Couldn't be happier with this choice! Premium feel at a very affordable price.,positive
"Fabric is paper thin, shrunk after first wash, and stitching came apart.",negative
Product is acceptable. Delivery took standard 4 business days.,neutral
Seamless experience. Everything works out of the box with no headache.,positive
Customer service was exceptionally helpful and resolved my query instantly with a smile.,positive
Horrible experience! Drains battery in 30 minutes and gets dangerously hot.,negative
Standard performance as described in the specification manual.,neutral
Fantastic customer support! Replaced my item immediately without any hassle.,positive
Zero quality control! Arrived broken and support ignored all my emails.,negative
Fair build quality for daily routine usage.,neutral
Extremely happy with this purchase. Outstanding performance and super fast delivery.,positive
"Love everything about this! Soft texture, sturdy stitching, highly satisfied.",positive
"Fabric is paper thin, shrunk after first wash, and stitching came apart.",negative
"Excellent build quality! Fits perfectly, looks stylish, and feels premium.",positive
Utterly useless. Save your hard-earned money and buy something else.,negative
Basic entry-level functionality. Adequate for simple tasks.,neutral
"Not bad at all, in fact it turned out to be wonderfully good and reliable.",positive
False advertising! The product does not look anything like the photos.,negative
Product is acceptable. Delivery took standard 4 business days.,neutral
"Battery life is terrible, dies within an hour of light usage.",negative
Standard shipping time. Fits true to size.,neutral
Moderate battery backup of about 6 hours. Acceptable performance.,neutral
Controls are completely unresponsive. Impossible to use properly.,negative
Moderate battery backup of about 6 hours. Acceptable performance.,neutral
"Lightweight, powerful, sleek design, and charges up super quickly.",positive
"Great quality fabric, comfortable fit, beautiful finish, and brilliant packaging.",positive
"Very pleased with the purchase. Easy to use, great battery backup, zero issues.",positive
Defective product! Stopped working completely after just two days.,negative
Exceeded all my expectations! Truly high performance and great build quality.,positive
Regret buying this completely. Horrible performance and cheap build.,negative
Unacceptable quality! Snapped in half with minimal gentle pressure.,negative
Product arrived as ordered. Nothing special to report.,neutral
"Wonderful experience! Fast shipping, immaculate packaging, excellent product.",positive
"Normal unboxing experience. Plain design, standard features.",neutral
Extremely bad experience! Software is full of bugs and freezes.,negative
Surprisingly good quality! Exceeded my expectations for the price.,positive
"Average display screen clarity, acceptable contrast for price.",neutral
Decent quality considering the price point. Neither bad nor great.,neutral
Defective product! Stopped working completely after just two days.,negative
Defective product! Stopped working completely after just two days.,negative
"Very pleased with the purchase. Easy to use, great battery backup, zero issues.",positive
"I was hesitant at first, but this turned out to be the best purchase I made.",positive
Horrendous noise during operation. Unbearable sound quality.,negative
"Not good at all! Flimsy material, buttons stuck immediately.",negative
"Delighted with this item. Packed safely, delivered early, works like a charm.",positive
It gets the job done. Middle of the road option.,neutral
Moderate battery backup of about 6 hours. Acceptable performance.,neutral
Controls are completely unresponsive. Impossible to use properly.,negative
"Do not buy this garbage! Missing parts, wrong color, and terrible packaging.",negative
Utterly useless. Save your hard-earned money and buy something else.,negative
"Top-notch performance! Super smooth, zero lag, love using it every single day.",positive
Fantastic customer support! Replaced my item immediately without any hassle.,positive
Order processed normally. Item matches the online pictures.,neutral
Unacceptable quality! Snapped in half with minimal gentle pressure.,negative
Reasonable quality for basic home usage.,neutral
"Excellent build quality! Fits perfectly, looks stylish, and feels premium.",positive
"Not good at all! Flimsy material, buttons stuck immediately.",negative
"Top-notch performance! Super smooth, zero lag, love using it every single day.",positive
Extremely happy with this purchase. Outstanding performance and super fast delivery.,positive
"Highly recommended! Outstanding craftsmanship, durable materials, and great seller.",positive
Order processed normally. Item matches the online pictures.,neutral
Horrendous noise during operation. Unbearable sound quality.,negative
"Five stars without doubt! Remarkable clarity, deep bass, and superb sound.",positive
Very poor service. Refused to issue a refund for a defective item.,negative
Basic entry-level functionality. Adequate for simple tasks.,neutral
"Average display screen clarity, acceptable contrast for price.",neutral
Customer service was exceptionally helpful and resolved my query instantly with a smile.,positive
"Not bad at all, in fact it turned out to be wonderfully good and reliable.",positive
Utterly useless. Save your hard-earned money and buy something else.,negative
Defective product! Stopped working completely after just two days.,negative
"Not bad at all, in fact it turned out to be wonderfully good and reliable.",positive
Product is acceptable. Delivery took standard 4 business days.,neutral
"This product is absolutely amazing! High quality, works smoothly, and exceeded my expectations.",positive
"Not good at all! Flimsy material, buttons stuck immediately.",negative
Moderate battery backup of about 6 hours. Acceptable performance.,neutral
Worst purchase ever made. Display has dead pixels and flickering lines.,negative
Worst purchase ever made. Display has dead pixels and flickering lines.,negative
"Five stars without doubt! Remarkable clarity, deep bass, and superb sound.",positive
Couldn't be happier with this choice! Premium feel at a very affordable price.,positive
"Wonderful experience! Fast shipping, immaculate packaging, excellent product.",positive
"Great quality fabric, comfortable fit, beautiful finish, and brilliant packaging.",positive
"Lightweight, powerful, sleek design, and charges up super quickly.",positive
"Worst packaging ever, contents were leaked and ruined on arrival.",negative
"Extremely disappointed. Item arrived scratched, damaged, and non-functional.",negative
"Top-notch performance! Super smooth, zero lag, love using it every single day.",positive
"Average display screen clarity, acceptable contrast for price.",neutral
Order processed normally. Item matches the online pictures.,neutral
"Very pleased with the purchase. Easy to use, great battery backup, zero issues.",positive
Standard instructions included in the box. Works okay.,neutral
Standard performance as described in the specification manual.,neutral
"Delighted with this item. Packed safely, delivered early, works like a charm.",positive
"Love everything about this! Soft texture, sturdy stitching, highly satisfied.",positive
Basic entry-level functionality. Adequate for simple tasks.,neutral
Standard shipping time. Fits true to size.,neutral
Extremely happy with this purchase. Outstanding performance and super fast delivery.,positive
Item arrived on time. Packaging was standard.,neutral
Moderate battery backup of about 6 hours. Acceptable performance.,neutral
"Top-notch performance! Super smooth, zero lag, love using it every single day.",positive
Product is acceptable. Delivery took standard 4 business days.,neutral
Product arrived as ordered. Nothing special to report.,neutral
"Camera photos are blurry, grainy, and awful in low light.",negative
"Extremely disappointed. Item arrived scratched, damaged, and non-functional.",negative
Item arrived on time. Packaging was standard.,neutral
"Great quality fabric, comfortable fit, beautiful finish, and brilliant packaging.",positive
"Camera photos are blurry, grainy, and awful in low light.",negative
"Delighted with this item. Packed safely, delivered early, works like a charm.",positive
"Plain design, normal weight, performs standard tasks.",neutral
"Extremely slow delivery, took 4 weeks and package was crushed.",negative
"Top-notch performance! Super smooth, zero lag, love using it every single day.",positive
Very poor service. Refused to issue a refund for a defective item.,negative
Awesome product! Arrived earlier than expected in pristine untouched condition.,positive
"Wonderful experience! Fast shipping, immaculate packaging, excellent product.",positive
Horrible experience! Drains battery in 30 minutes and gets dangerously hot.,negative
"Top-notch performance! Super smooth, zero lag, love using it every single day.",positive
Product meets basic expectations for the price paid.,neutral
Controls are completely unresponsive. Impossible to use properly.,negative
Regret buying this completely. Horrible performance and cheap build.,negative
It gets the job done. Middle of the road option.,neutral
Surprisingly good quality! Exceeded my expectations for the price.,positive
Defective product! Stopped working completely after just two days.,negative
Decent quality considering the price point. Neither bad nor great.,neutral
Utterly useless. Save your hard-earned money and buy something else.,negative
Couldn't be happier with this choice! Premium feel at a very affordable price.,positive
Worst purchase ever made. Display has dead pixels and flickering lines.,negative
"Plain design, normal weight, performs standard tasks.",neutral
Product meets basic expectations for the price paid.,neutral
Super impressed with the crisp display and battery life. 10 out of 10 recommended!,positive
Best purchase ever. Works flawlessly and value for money is top-notch.,positive
Regret buying this completely. Horrible performance and cheap build.,negative
Basic entry-level functionality. Adequate for simple tasks.,neutral
Overpriced piece of junk! Performs far worse than cheap alternatives.,negative
"Top-notch performance! Super smooth, zero lag, love using it every single day.",positive
Couldn't be happier with this choice! Premium feel at a very affordable price.,positive
"Complete waste of money. Cheap plastic feel, useless customer support.",negative
Order processed normally. Item matches the online pictures.,neutral
Fair build quality for daily routine usage.,neutral
Fair build quality for daily routine usage.,neutral
"Plain design, normal weight, performs standard tasks.",neutral
Worst purchase ever made. Display has dead pixels and flickering lines.,negative
Surprisingly good quality! Exceeded my expectations for the price.,positive
Fantastic customer support! Replaced my item immediately without any hassle.,positive
Extremely happy with this purchase. Outstanding performance and super fast delivery.,positive
Horrendous noise during operation. Unbearable sound quality.,negative
"Normal unboxing experience. Plain design, standard features.",neutral
Extremely happy with this purchase. Outstanding performance and super fast delivery.,positive
Terrible quality! Broke down on the very first day of normal usage.,negative
Unacceptable quality! Snapped in half with minimal gentle pressure.,negative
False advertising! The product does not look anything like the photos.,negative
"Camera photos are blurry, grainy, and awful in low light.",negative
Awesome product! Arrived earlier than expected in pristine untouched condition.,positive
"Love everything about this! Soft texture, sturdy stitching, highly satisfied.",positive
Very poor service. Refused to issue a refund for a defective item.,negative
"This product is absolutely amazing! High quality, works smoothly, and exceeded my expectations.",positive
"Top-notch performance! Super smooth, zero lag, love using it every single day.",positive
"Fabric is paper thin, shrunk after first wash, and stitching came apart.",negative
Standard performance as described in the specification manual.,neutral
Awesome product! Arrived earlier than expected in pristine untouched condition.,positive
Overpriced piece of junk! Performs far worse than cheap alternatives.,negative
"It is okay, functions as advertised without anything extraordinary.",neutral
False advertising! The product does not look anything like the photos.,negative
Worst purchase ever made. Display has dead pixels and flickering lines.,negative
"Great quality fabric, comfortable fit, beautiful finish, and brilliant packaging.",positive
Extremely bad experience! Software is full of bugs and freezes.,negative
"Battery life is terrible, dies within an hour of light usage.",negative
Very poor service. Refused to issue a refund for a defective item.,negative
Extremely happy with this purchase. Outstanding performance and super fast delivery.,positive
"Lightweight, powerful, sleek design, and charges up super quickly.",positive
"Never failed me once! Solid, durable, highly efficient, and great battery.",positive
"Never failed me once! Solid, durable, highly efficient, and great battery.",positive
"Battery life is terrible, dies within an hour of light usage.",negative
Fair build quality for daily routine usage.,neutral
"Do not buy this garbage! Missing parts, wrong color, and terrible packaging.",negative
Basic entry-level functionality. Adequate for simple tasks.,neutral
Very poor service. Refused to issue a refund for a defective item.,negative
Works like magic! Setup was a total breeze and everything runs smoothly.,positive
"Normal unboxing experience. Plain design, standard features.",neutral
Controls are completely unresponsive. Impossible to use properly.,negative
Super impressed with the crisp display and battery life. 10 out of 10 recommended!,positive
Utterly useless. Save your hard-earned money and buy something else.,negative
"Great quality fabric, comfortable fit, beautiful finish, and brilliant packaging.",positive
"It is okay, functions as advertised without anything extraordinary.",neutral
Zero quality control! Arrived broken and support ignored all my emails.,negative
Decent quality considering the price point. Neither bad nor great.,neutral
Seamless experience. Everything works out of the box with no headache.,positive
Best purchase ever. Works flawlessly and value for money is top-notch.,positive
Defective product! Stopped working completely after just two days.,negative
"This product is absolutely amazing! High quality, works smoothly, and exceeded my expectations.",positive
Moderate battery backup of about 6 hours. Acceptable performance.,neutral
"Delighted with this item. Packed safely, delivered early, works like a charm.",positive
Regret buying this completely. Horrible performance and cheap build.,negative
Exceeded all my expectations! Truly high performance and great build quality.,positive
Total scam! Sent a used scratched item instead of brand new.,negative
Product meets basic expectations for the price paid.,neutral
Extremely happy with this purchase. Outstanding performance and super fast delivery.,positive
"Camera photos are blurry, grainy, and awful in low light.",negative
Frustrating and glitchy! Keeps crashing and freezing every 5 minutes.,negative
"Love everything about this! Soft texture, sturdy stitching, highly satisfied.",positive
"Do not buy this garbage! Missing parts, wrong color, and terrible packaging.",negative
Utterly useless. Save your hard-earned money and buy something else.,negative
Functions properly. Satisfactory for entry-level users.,neutral
Functions properly. Satisfactory for entry-level users.,neutral
Overpriced piece of junk! Performs far worse than cheap alternatives.,negative
Horrible experience! Drains battery in 30 minutes and gets dangerously hot.,negative
"Worst packaging ever, contents were leaked and ruined on arrival.",negative
Functions properly. Satisfactory for entry-level users.,neutral
Fantastic customer support! Replaced my item immediately without any hassle.,positive
Standard instructions included in the box. Works okay.,neutral
"Wonderful experience! Fast shipping, immaculate packaging, excellent product.",positive
Fantastic customer support! Replaced my item immediately without any hassle.,positive
"Plain design, normal weight, performs standard tasks.",neutral
Horrendous noise during operation. Unbearable sound quality.,negative
Horrendous noise during operation. Unbearable sound quality.,negative
Regret buying this completely. Horrible performance and cheap build.,negative
Worst purchase ever made. Display has dead pixels and flickering lines.,negative
Standard instructions included in the box. Works okay.,neutral
"Five stars without doubt! Remarkable clarity, deep bass, and superb sound.",positive
"It is okay, functions as advertised without anything extraordinary.",neutral
"I was hesitant at first, but this turned out to be the best purchase I made.",positive
Horrendous noise during operation. Unbearable sound quality.,negative
"Delighted with this item. Packed safely, delivered early, works like a charm.",positive
Order processed normally. Item matches the online pictures.,neutral
Works like magic! Setup was a total breeze and everything runs smoothly.,positive
Standard performance as described in the specification manual.,neutral
"Never failed me once! Solid, durable, highly efficient, and great battery.",positive
Awesome product! Arrived earlier than expected in pristine untouched condition.,positive
"Battery life is terrible, dies within an hour of light usage.",negative
"Worst packaging ever, contents were leaked and ruined on arrival.",negative
"Never failed me once! Solid, durable, highly efficient, and great battery.",positive
Extremely bad experience! Software is full of bugs and freezes.,negative
Frustrating and glitchy! Keeps crashing and freezing every 5 minutes.,negative
"Top-notch performance! Super smooth, zero lag, love using it every single day.",positive
Unacceptable quality! Snapped in half with minimal gentle pressure.,negative
Frustrating and glitchy! Keeps crashing and freezing every 5 minutes.,negative
False advertising! The product does not look anything like the photos.,negative
Worst purchase ever made. Display has dead pixels and flickering lines.,negative
Unacceptable quality! Snapped in half with minimal gentle pressure.,negative
"This product is absolutely amazing! High quality, works smoothly, and exceeded my expectations.",positive
"Wonderful experience! Fast shipping, immaculate packaging, excellent product.",positive
Best purchase ever. Works flawlessly and value for money is top-notch.,positive
Utterly useless. Save your hard-earned money and buy something else.,negative
Customer service was exceptionally helpful and resolved my query instantly with a smile.,positive
Super impressed with the crisp display and battery life. 10 out of 10 recommended!,positive
"Top-notch performance! Super smooth, zero lag, love using it every single day.",positive
"Very pleased with the purchase. Easy to use, great battery backup, zero issues.",positive
Extremely happy with this purchase. Outstanding performance and super fast delivery.,positive
"Not good at all! Flimsy material, buttons stuck immediately.",negative
Defective product! Stopped working completely after just two days.,negative
Extremely bad experience! Software is full of bugs and freezes.,negative
Fantastic customer support! Replaced my item immediately without any hassle.,positive
Extremely bad experience! Software is full of bugs and freezes.,negative
Super impressed with the crisp display and battery life. 10 out of 10 recommended!,positive
Standard instructions included in the box. Works okay.,neutral
"Love everything about this! Soft texture, sturdy stitching, highly satisfied.",positive
Fantastic customer support! Replaced my item immediately without any hassle.,positive
"Camera photos are blurry, grainy, and awful in low light.",negative
"This product is absolutely amazing! High quality, works smoothly, and exceeded my expectations.",positive
Works like magic! Setup was a total breeze and everything runs smoothly.,positive
"This product is absolutely amazing! High quality, works smoothly, and exceeded my expectations.",positive
"Not good at all! Flimsy material, buttons stuck immediately.",negative
"Lightweight, powerful, sleek design, and charges up super quickly.",positive
Order processed normally. Item matches the online pictures.,neutral
Product meets basic expectations for the price paid.,neutral
"Delighted with this item. Packed safely, delivered early, works like a charm.",positive
Utterly useless. Save your hard-earned money and buy something else.,negative
"Not bad at all, in fact it turned out to be wonderfully good and reliable.",positive
Awesome product! Arrived earlier than expected in pristine untouched condition.,positive
Total scam! Sent a used scratched item instead of brand new.,negative
False advertising! The product does not look anything like the photos.,negative
False advertising! The product does not look anything like the photos.,negative
"Love everything about this! Soft texture, sturdy stitching, highly satisfied.",positive
Product is acceptable. Delivery took standard 4 business days.,neutral
Unacceptable quality! Snapped in half with minimal gentle pressure.,negative
"Extremely slow delivery, took 4 weeks and package was crushed.",negative
Functions properly. Satisfactory for entry-level users.,neutral
"Not good at all! Flimsy material, buttons stuck immediately.",negative
Best purchase ever. Works flawlessly and value for money is top-notch.,positive
"Love everything about this! Soft texture, sturdy stitching, highly satisfied.",positive
"Not bad at all, in fact it turned out to be wonderfully good and reliable.",positive
Works like magic! Setup was a total breeze and everything runs smoothly.,positive
"Not good at all! Flimsy material, buttons stuck immediately.",negative
Exceeded all my expectations! Truly high performance and great build quality.,positive
Super impressed with the crisp display and battery life. 10 out of 10 recommended!,positive
"Love everything about this! Soft texture, sturdy stitching, highly satisfied.",positive
"Extremely slow delivery, took 4 weeks and package was crushed.",negative
Terrible quality! Broke down on the very first day of normal usage.,negative
"Average display screen clarity, acceptable contrast for price.",neutral
Standard instructions included in the box. Works okay.,neutral
"Extremely slow delivery, took 4 weeks and package was crushed.",negative
Standard shipping time. Fits true to size.,neutral
Zero quality control! Arrived broken and support ignored all my emails.,negative
Item arrived on time. Packaging was standard.,neutral
Standard shipping time. Fits true to size.,neutral
Overpriced piece of junk! Performs far worse than cheap alternatives.,negative
Terrible quality! Broke down on the very first day of normal usage.,negative
Decent quality considering the price point. Neither bad nor great.,neutral
Regret buying this completely. Horrible performance and cheap build.,negative
Exceeded all my expectations! Truly high performance and great build quality.,positive
"Fabric is paper thin, shrunk after first wash, and stitching came apart.",negative
"Normal unboxing experience. Plain design, standard features.",neutral
Very poor service. Refused to issue a refund for a defective item.,negative
Functions properly. Satisfactory for entry-level users.,neutral
"It is okay, functions as advertised without anything extraordinary.",neutral
Very poor service. Refused to issue a refund for a defective item.,negative
"Love everything about this! Soft texture, sturdy stitching, highly satisfied.",positive
Surprisingly good quality! Exceeded my expectations for the price.,positive
Standard shipping time. Fits true to size.,neutral
Horrible experience! Drains battery in 30 minutes and gets dangerously hot.,negative
"Not bad at all, in fact it turned out to be wonderfully good and reliable.",positive
"Do not buy this garbage! Missing parts, wrong color, and terrible packaging.",negative
"Worst packaging ever, contents were leaked and ruined on arrival.",negative
Surprisingly good quality! Exceeded my expectations for the price.,positive
"Great quality fabric, comfortable fit, beautiful finish, and brilliant packaging.",positive
"It is okay, functions as advertised without anything extraordinary.",neutral
"It is okay, functions as advertised without anything extraordinary.",neutral
Standard performance as described in the specification manual.,neutral
Regret buying this completely. Horrible performance and cheap build.,negative
False advertising! The product does not look anything like the photos.,negative
Order processed normally. Item matches the online pictures.,neutral
Fair build quality for daily routine usage.,neutral
"Complete waste of money. Cheap plastic feel, useless customer support.",negative
Best purchase ever. Works flawlessly and value for money is top-notch.,positive
Extremely bad experience! Software is full of bugs and freezes.,negative
Basic entry-level functionality. Adequate for simple tasks.,neutral
Horrible experience! Drains battery in 30 minutes and gets dangerously hot.,negative
"Top-notch performance! Super smooth, zero lag, love using it every single day.",positive
Item arrived on time. Packaging was standard.,neutral
"Five stars without doubt! Remarkable clarity, deep bass, and superb sound.",positive
Reasonable quality for basic home usage.,neutral
Regret buying this completely. Horrible performance and cheap build.,negative
"Lightweight, powerful, sleek design, and charges up super quickly.",positive
"Not bad at all, in fact it turned out to be wonderfully good and reliable.",positive
"Average display screen clarity, acceptable contrast for price.",neutral
"Extremely disappointed. Item arrived scratched, damaged, and non-functional.",negative
Horrible experience! Drains battery in 30 minutes and gets dangerously hot.,negative
"It is okay, functions as advertised without anything extraordinary.",neutral
Overpriced piece of junk! Performs far worse than cheap alternatives.,negative
Fair build quality for daily routine usage.,neutral
Product meets basic expectations for the price paid.,neutral
Terrible quality! Broke down on the very first day of normal usage.,negative
"Worst packaging ever, contents were leaked and ruined on arrival.",negative
"Fabric is paper thin, shrunk after first wash, and stitching came apart.",negative
"Not bad at all, in fact it turned out to be wonderfully good and reliable.",positive
Customer service was exceptionally helpful and resolved my query instantly with a smile.,positive
Moderate battery backup of about 6 hours. Acceptable performance.,neutral
Decent quality considering the price point. Neither bad nor great.,neutral
"Battery life is terrible, dies within an hour of light usage.",negative
"Very pleased with the purchase. Easy to use, great battery backup, zero issues.",positive
Fair build quality for daily routine usage.,neutral
Product meets basic expectations for the price paid.,neutral
"Wonderful experience! Fast shipping, immaculate packaging, excellent product.",positive
Best purchase ever. Works flawlessly and value for money is top-notch.,positive
"This product is absolutely amazing! High quality, works smoothly, and exceeded my expectations.",positive
Awesome product! Arrived earlier than expected in pristine untouched condition.,positive
"I was hesitant at first, but this turned out to be the best purchase I made.",positive
Product is acceptable. Delivery took standard 4 business days.,neutral
Overpriced piece of junk! Performs far worse than cheap alternatives.,negative
Basic entry-level functionality. Adequate for simple tasks.,neutral
"Love everything about this! Soft texture, sturdy stitching, highly satisfied.",positive
Customer service was exceptionally helpful and resolved my query instantly with a smile.,positive
"Never failed me once! Solid, durable, highly efficient, and great battery.",positive
"Extremely slow delivery, took 4 weeks and package was crushed.",negative
Controls are completely unresponsive. Impossible to use properly.,negative
Standard instructions included in the box. Works okay.,neutral
Awesome product! Arrived earlier than expected in pristine untouched condition.,positive
Extremely bad experience! Software is full of bugs and freezes.,negative
"Not bad at all, in fact it turned out to be wonderfully good and reliable.",positive
"Delighted with this item. Packed safely, delivered early, works like a charm.",positive
"Complete waste of money. Cheap plastic feel, useless customer support.",negative
"Excellent build quality! Fits perfectly, looks stylish, and feels premium.",positive
Zero quality control! Arrived broken and support ignored all my emails.,negative
Standard instructions included in the box. Works okay.,neutral
"Never failed me once! Solid, durable, highly efficient, and great battery.",positive
"I was hesitant at first, but this turned out to be the best purchase I made.",positive
Standard performance as described in the specification manual.,neutral
Standard shipping time. Fits true to size.,neutral
"Wonderful experience! Fast shipping, immaculate packaging, excellent product.",positive
"Extremely slow delivery, took 4 weeks and package was crushed.",negative
Moderate battery backup of about 6 hours. Acceptable performance.,neutral
"Highly recommended! Outstanding craftsmanship, durable materials, and great seller.",positive
Best purchase ever. Works flawlessly and value for money is top-notch.,positive
Extremely bad experience! Software is full of bugs and freezes.,negative
Standard instructions included in the box. Works okay.,neutral
"Wonderful experience! Fast shipping, immaculate packaging, excellent product.",positive
"Do not buy this garbage! Missing parts, wrong color, and terrible packaging.",negative
"It is okay, functions as advertised without anything extraordinary.",neutral
Extremely bad experience! Software is full of bugs and freezes.,negative
Order processed normally. Item matches the online pictures.,neutral
Product arrived as ordered. Nothing special to report.,neutral
Fantastic customer support! Replaced my item immediately without any hassle.,positive
Customer service was exceptionally helpful and resolved my query instantly with a smile.,positive
"This product is absolutely amazing! High quality, works smoothly, and exceeded my expectations.",positive
Basic entry-level functionality. Adequate for simple tasks.,neutral
It gets the job done. Middle of the road option.,neutral
"Wonderful experience! Fast shipping, immaculate packaging, excellent product.",positive
"Normal unboxing experience. Plain design, standard features.",neutral
Awesome product! Arrived earlier than expected in pristine untouched condition.,positive
Surprisingly good quality! Exceeded my expectations for the price.,positive
Seamless experience. Everything works out of the box with no headache.,positive
Extremely happy with this purchase. Outstanding performance and super fast delivery.,positive
Super impressed with the crisp display and battery life. 10 out of 10 recommended!,positive
"Complete waste of money. Cheap plastic feel, useless customer support.",negative
Super impressed with the crisp display and battery life. 10 out of 10 recommended!,positive
"Do not buy this garbage! Missing parts, wrong color, and terrible packaging.",negative
Horrendous noise during operation. Unbearable sound quality.,negative
Product is acceptable. Delivery took standard 4 business days.,neutral
"Very pleased with the purchase. Easy to use, great battery backup, zero issues.",positive
Unacceptable quality! Snapped in half with minimal gentle pressure.,negative
Zero quality control! Arrived broken and support ignored all my emails.,negative
It gets the job done. Middle of the road option.,neutral
Best purchase ever. Works flawlessly and value for money is top-notch.,positive
"Complete waste of money. Cheap plastic feel, useless customer support.",negative
Surprisingly good quality! Exceeded my expectations for the price.,positive
Moderate battery backup of about 6 hours. Acceptable performance.,neutral
"Five stars without doubt! Remarkable clarity, deep bass, and superb sound.",positive
Product meets basic expectations for the price paid.,neutral
Couldn't be happier with this choice! Premium feel at a very affordable price.,positive
Functions properly. Satisfactory for entry-level users.,neutral
Reasonable quality for basic home usage.,neutral
Zero quality control! Arrived broken and support ignored all my emails.,negative
"Wonderful experience! Fast shipping, immaculate packaging, excellent product.",positive
Surprisingly good quality! Exceeded my expectations for the price.,positive
Surprisingly good quality! Exceeded my expectations for the price.,positive
Item arrived on time. Packaging was standard.,neutral
"Not bad at all, in fact it turned out to be wonderfully good and reliable.",positive
"Complete waste of money. Cheap plastic feel, useless customer support.",negative
Fair build quality for daily routine usage.,neutral
Frustrating and glitchy! Keeps crashing and freezing every 5 minutes.,negative
Couldn't be happier with this choice! Premium feel at a very affordable price.,positive
"Excellent build quality! Fits perfectly, looks stylish, and feels premium.",positive
Product is acceptable. Delivery took standard 4 business days.,neutral
Extremely happy with this purchase. Outstanding performance and super fast delivery.,positive
Worst purchase ever made. Display has dead pixels and flickering lines.,negative
Product is acceptable. Delivery took standard 4 business days.,neutral
"Delighted with this item. Packed safely, delivered early, works like a charm.",positive
Average product. It works fine for basic daily tasks.,neutral
"Wonderful experience! Fast shipping, immaculate packaging, excellent product.",positive
Horrendous noise during operation. Unbearable sound quality.,negative
Order processed normally. Item matches the online pictures.,neutral
"Extremely slow delivery, took 4 weeks and package was crushed.",negative
Product arrived as ordered. Nothing special to report.,neutral
Average product. It works fine for basic daily tasks.,neutral
"Delighted with this item. Packed safely, delivered early, works like a charm.",positive
Seamless experience. Everything works out of the box with no headache.,positive
"Battery life is terrible, dies within an hour of light usage.",negative
False advertising! The product does not look anything like the photos.,negative
Overpriced piece of junk! Performs far worse than cheap alternatives.,negative
"Delighted with this item. Packed safely, delivered early, works like a charm.",positive
"Camera photos are blurry, grainy, and awful in low light.",negative
"Lightweight, powerful, sleek design, and charges up super quickly.",positive
Terrible quality! Broke down on the very first day of normal usage.,negative
"It is okay, functions as advertised without anything extraordinary.",neutral
Item arrived on time. Packaging was standard.,neutral
"Not bad at all, in fact it turned out to be wonderfully good and reliable.",positive
"This product is absolutely amazing! High quality, works smoothly, and exceeded my expectations.",positive
"Great quality fabric, comfortable fit, beautiful finish, and brilliant packaging.",positive
"Average display screen clarity, acceptable contrast for price.",neutral
False advertising! The product does not look anything like the photos.,negative
"Not good at all! Flimsy material, buttons stuck immediately.",negative
Couldn't be happier with this choice! Premium feel at a very affordable price.,positive
Functions properly. Satisfactory for entry-level users.,neutral
Defective product! Stopped working completely after just two days.,negative
Item arrived on time. Packaging was standard.,neutral
"Average display screen clarity, acceptable contrast for price.",neutral
Standard performance as described in the specification manual.,neutral
Order processed normally. Item matches the online pictures.,neutral
False advertising! The product does not look anything like the photos.,negative
Super impressed with the crisp display and battery life. 10 out of 10 recommended!,positive
"Plain design, normal weight, performs standard tasks.",neutral
"Not good at all! Flimsy material, buttons stuck immediately.",negative
Total scam! Sent a used scratched item instead of brand new.,negative
Customer service was exceptionally helpful and resolved my query instantly with a smile.,positive
"Never failed me once! Solid, durable, highly efficient, and great battery.",positive
"Plain design, normal weight, performs standard tasks.",neutral
Product meets basic expectations for the price paid.,neutral
Item arrived on time. Packaging was standard.,neutral
Regret buying this completely. Horrible performance and cheap build.,negative
Works like magic! Setup was a total breeze and everything runs smoothly.,positive
"Lightweight, powerful, sleek design, and charges up super quickly.",positive
Defective product! Stopped working completely after just two days.,negative
"Battery life is terrible, dies within an hour of light usage.",negative
Frustrating and glitchy! Keeps crashing and freezing every 5 minutes.,negative
Item arrived on time. Packaging was standard.,neutral
Works like magic! Setup was a total breeze and everything runs smoothly.,positive
"Great quality fabric, comfortable fit, beautiful finish, and brilliant packaging.",positive
"It is okay, functions as advertised without anything extraordinary.",neutral
Awesome product! Arrived earlier than expected in pristine untouched condition.,positive
Total scam! Sent a used scratched item instead of brand new.,negative
Awesome product! Arrived earlier than expected in pristine untouched condition.,positive
"Camera photos are blurry, grainy, and awful in low light.",negative
"Great quality fabric, comfortable fit, beautiful finish, and brilliant packaging.",positive
"Extremely slow delivery, took 4 weeks and package was crushed.",negative
Best purchase ever. Works flawlessly and value for money is top-notch.,positive
Decent quality considering the price point. Neither bad nor great.,neutral
"Worst packaging ever, contents were leaked and ruined on arrival.",negative
Customer service was exceptionally helpful and resolved my query instantly with a smile.,positive
Product meets basic expectations for the price paid.,neutral
Functions properly. Satisfactory for entry-level users.,neutral
"Wonderful experience! Fast shipping, immaculate packaging, excellent product.",positive
Awesome product! Arrived earlier than expected in pristine untouched condition.,positive
Decent quality considering the price point. Neither bad nor great.,neutral
Very poor service. Refused to issue a refund for a defective item.,negative
"Normal unboxing experience. Plain design, standard features.",neutral
Total scam! Sent a used scratched item instead of brand new.,negative
Terrible quality! Broke down on the very first day of normal usage.,negative
Product is acceptable. Delivery took standard 4 business days.,neutral
"Excellent build quality! Fits perfectly, looks stylish, and feels premium.",positive
"Excellent build quality! Fits perfectly, looks stylish, and feels premium.",positive
Frustrating and glitchy! Keeps crashing and freezing every 5 minutes.,negative
Standard shipping time. Fits true to size.,neutral
Defective product! Stopped working completely after just two days.,negative
"Worst packaging ever, contents were leaked and ruined on arrival.",negative
Frustrating and glitchy! Keeps crashing and freezing every 5 minutes.,negative
Order processed normally. Item matches the online pictures.,neutral
Awesome product! Arrived earlier than expected in pristine untouched condition.,positive
Super impressed with the crisp display and battery life. 10 out of 10 recommended!,positive
Frustrating and glitchy! Keeps crashing and freezing every 5 minutes.,negative
Average product. It works fine for basic daily tasks.,neutral
Standard instructions included in the box. Works okay.,neutral
"Average display screen clarity, acceptable contrast for price.",neutral
"Never failed me once! Solid, durable, highly efficient, and great battery.",positive
Exceeded all my expectations! Truly high performance and great build quality.,positive
Surprisingly good quality! Exceeded my expectations for the price.,positive
Horrendous noise during operation. Unbearable sound quality.,negative
Product meets basic expectations for the price paid.,neutral
Standard shipping time. Fits true to size.,neutral
Seamless experience. Everything works out of the box with no headache.,positive
Super impressed with the crisp display and battery life. 10 out of 10 recommended!,positive
"Camera photos are blurry, grainy, and awful in low light.",negative
Regret buying this completely. Horrible performance and cheap build.,negative
Extremely happy with this purchase. Outstanding performance and super fast delivery.,positive
"Love everything about this! Soft texture, sturdy stitching, highly satisfied.",positive
Functions properly. Satisfactory for entry-level users.,neutral
"Delighted with this item. Packed safely, delivered early, works like a charm.",positive
"Not good at all! Flimsy material, buttons stuck immediately.",negative
"Normal unboxing experience. Plain design, standard features.",neutral
Best purchase ever. Works flawlessly and value for money is top-notch.,positive
Order processed normally. Item matches the online pictures.,neutral
"Worst packaging ever, contents were leaked and ruined on arrival.",negative
Couldn't be happier with this choice! Premium feel at a very affordable price.,positive
"Plain design, normal weight, performs standard tasks.",neutral
Very poor service. Refused to issue a refund for a defective item.,negative
"Camera photos are blurry, grainy, and awful in low light.",negative
Item arrived on time. Packaging was standard.,neutral
Product is acceptable. Delivery took standard 4 business days.,neutral
Reasonable quality for basic home usage.,neutral
Regret buying this completely. Horrible performance and cheap build.,negative
Overpriced piece of junk! Performs far worse than cheap alternatives.,negative
Works like magic! Setup was a total breeze and everything runs smoothly.,positive
"Delighted with this item. Packed safely, delivered early, works like a charm.",positive
"Extremely disappointed. Item arrived scratched, damaged, and non-functional.",negative
Couldn't be happier with this choice! Premium feel at a very affordable price.,positive
Overpriced piece of junk! Performs far worse than cheap alternatives.,negative
"Very pleased with the purchase. Easy to use, great battery backup, zero issues.",positive
Product is acceptable. Delivery took standard 4 business days.,neutral
"Top-notch performance! Super smooth, zero lag, love using it every single day.",positive
Fantastic customer support! Replaced my item immediately without any hassle.,positive
"Wonderful experience! Fast shipping, immaculate packaging, excellent product.",positive
"Average display screen clarity, acceptable contrast for price.",neutral
"Delighted with this item. Packed safely, delivered early, works like a charm.",positive
"Fabric is paper thin, shrunk after first wash, and stitching came apart.",negative
Product meets basic expectations for the price paid.,neutral
Fair build quality for daily routine usage.,neutral
"Worst packaging ever, contents were leaked and ruined on arrival.",negative
Basic entry-level functionality. Adequate for simple tasks.,neutral
Total scam! Sent a used scratched item instead of brand new.,negative
Product meets basic expectations for the price paid.,neutral
Worst purchase ever made. Display has dead pixels and flickering lines.,negative
Horrible experience! Drains battery in 30 minutes and gets dangerously hot.,negative
Best purchase ever. Works flawlessly and value for money is top-notch.,positive
Seamless experience. Everything works out of the box with no headache.,positive
Defective product! Stopped working completely after just two days.,negative
Regret buying this completely. Horrible performance and cheap build.,negative
"Lightweight, powerful, sleek design, and charges up super quickly.",positive
"Camera photos are blurry, grainy, and awful in low light.",negative
Awesome product! Arrived earlier than expected in pristine untouched condition.,positive
Defective product! Stopped working completely after just two days.,negative
"Lightweight, powerful, sleek design, and charges up super quickly.",positive
Average product. It works fine for basic daily tasks.,neutral
"Fabric is paper thin, shrunk after first wash, and stitching came apart.",negative
Fantastic customer support! Replaced my item immediately without any hassle.,positive
Works like magic! Setup was a total breeze and everything runs smoothly.,positive
Exceeded all my expectations! Truly high performance and great build quality.,positive
Extremely bad experience! Software is full of bugs and freezes.,negative
"Wonderful experience! Fast shipping, immaculate packaging, excellent product.",positive
Extremely bad experience! Software is full of bugs and freezes.,negative
"Battery life is terrible, dies within an hour of light usage.",negative
Seamless experience. Everything works out of the box with no headache.,positive
Functions properly. Satisfactory for entry-level users.,neutral
It gets the job done. Middle of the road option.,neutral
Super impressed with the crisp display and battery life. 10 out of 10 recommended!,positive
Fantastic customer support! Replaced my item immediately without any hassle.,positive
Total scam! Sent a used scratched item instead of brand new.,negative
"This product is absolutely amazing! High quality, works smoothly, and exceeded my expectations.",positive
Reasonable quality for basic home usage.,neutral
"Highly recommended! Outstanding craftsmanship, durable materials, and great seller.",positive
Defective product! Stopped working completely after just two days.,negative
Best purchase ever. Works flawlessly and value for money is top-notch.,positive
"Delighted with this item. Packed safely, delivered early, works like a charm.",positive
"Five stars without doubt! Remarkable clarity, deep bass, and superb sound.",positive
"Wonderful experience! Fast shipping, immaculate packaging, excellent product.",positive
Zero quality control! Arrived broken and support ignored all my emails.,negative
Controls are completely unresponsive. Impossible to use properly.,negative
Product is acceptable. Delivery took standard 4 business days.,neutral
"Average display screen clarity, acceptable contrast for price.",neutral
Decent quality considering the price point. Neither bad nor great.,neutral
Product is acceptable. Delivery took standard 4 business days.,neutral
"Plain design, normal weight, performs standard tasks.",neutral
"Not good at all! Flimsy material, buttons stuck immediately.",negative
Functions properly. Satisfactory for entry-level users.,neutral
Extremely bad experience! Software is full of bugs and freezes.,negative
Basic entry-level functionality. Adequate for simple tasks.,neutral
Moderate battery backup of about 6 hours. Acceptable performance.,neutral
"Complete waste of money. Cheap plastic feel, useless customer support.",negative
Standard instructions included in the box. Works okay.,neutral
"Not bad at all, in fact it turned out to be wonderfully good and reliable.",positive
Order processed normally. Item matches the online pictures.,neutral
Item arrived on time. Packaging was standard.,neutral
Average product. It works fine for basic daily tasks.,neutral
Total scam! Sent a used scratched item instead of brand new.,negative
Best purchase ever. Works flawlessly and value for money is top-notch.,positive
Terrible quality! Broke down on the very first day of normal usage.,negative
"Extremely slow delivery, took 4 weeks and package was crushed.",negative
"Complete waste of money. Cheap plastic feel, useless customer support.",negative
"Never failed me once! Solid, durable, highly efficient, and great battery.",positive
"Wonderful experience! Fast shipping, immaculate packaging, excellent product.",positive
Utterly useless. Save your hard-earned money and buy something else.,negative
"Extremely disappointed. Item arrived scratched, damaged, and non-functional.",negative
Overpriced piece of junk! Performs far worse than cheap alternatives.,negative
Horrendous noise during operation. Unbearable sound quality.,negative
"Extremely disappointed. Item arrived scratched, damaged, and non-functional.",negative
Very poor service. Refused to issue a refund for a defective item.,negative
Works like magic! Setup was a total breeze and everything runs smoothly.,positive
Super impressed with the crisp display and battery life. 10 out of 10 recommended!,positive
Extremely bad experience! Software is full of bugs and freezes.,negative
Product meets basic expectations for the price paid.,neutral
Zero quality control! Arrived broken and support ignored all my emails.,negative
"Top-notch performance! Super smooth, zero lag, love using it every single day.",positive
Terrible quality! Broke down on the very first day of normal usage.,negative
Item arrived on time. Packaging was standard.,neutral
"Great quality fabric, comfortable fit, beautiful finish, and brilliant packaging.",positive
Standard instructions included in the box. Works okay.,neutral
"Highly recommended! Outstanding craftsmanship, durable materials, and great seller.",positive
"Extremely slow delivery, took 4 weeks and package was crushed.",negative
Terrible quality! Broke down on the very first day of normal usage.,negative
"Five stars without doubt! Remarkable clarity, deep bass, and superb sound.",positive
Functions properly. Satisfactory for entry-level users.,neutral
"I was hesitant at first, but this turned out to be the best purchase I made.",positive
"Worst packaging ever, contents were leaked and ruined on arrival.",negative
False advertising! The product does not look anything like the photos.,negative
Extremely bad experience! Software is full of bugs and freezes.,negative
"Not good at all! Flimsy material, buttons stuck immediately.",negative
Worst purchase ever made. Display has dead pixels and flickering lines.,negative
Standard shipping time. Fits true to size.,neutral
Seamless experience. Everything works out of the box with no headache.,positive
"Fabric is paper thin, shrunk after first wash, and stitching came apart.",negative
Regret buying this completely. Horrible performance and cheap build.,negative
"Worst packaging ever, contents were leaked and ruined on arrival.",negative
Horrible experience! Drains battery in 30 minutes and gets dangerously hot.,negative
"Five stars without doubt! Remarkable clarity, deep bass, and superb sound.",positive
Total scam! Sent a used scratched item instead of brand new.,negative
"Extremely disappointed. Item arrived scratched, damaged, and non-functional.",negative
"This product is absolutely amazing! High quality, works smoothly, and exceeded my expectations.",positive
"Love everything about this! Soft texture, sturdy stitching, highly satisfied.",positive
Average product. It works fine for basic daily tasks.,neutral
"Normal unboxing experience. Plain design, standard features.",neutral
Controls are completely unresponsive. Impossible to use properly.,negative
Couldn't be happier with this choice! Premium feel at a very affordable price.,positive
"Average display screen clarity, acceptable contrast for price.",neutral
"Camera photos are blurry, grainy, and awful in low light.",negative
"Extremely disappointed. Item arrived scratched, damaged, and non-functional.",negative
Standard shipping time. Fits true to size.,neutral
"This product is absolutely amazing! High quality, works smoothly, and exceeded my expectations.",positive
"It is okay, functions as advertised without anything extraordinary.",neutral
"Love everything about this! Soft texture, sturdy stitching, highly satisfied.",positive
"I was hesitant at first, but this turned out to be the best purchase I made.",positive
Basic entry-level functionality. Adequate for simple tasks.,neutral
Standard performance as described in the specification manual.,neutral
False advertising! The product does not look anything like the photos.,negative
"Excellent build quality! Fits perfectly, looks stylish, and feels premium.",positive
"Camera photos are blurry, grainy, and awful in low light.",negative
Frustrating and glitchy! Keeps crashing and freezing every 5 minutes.,negative
"Normal unboxing experience. Plain design, standard features.",neutral
"Never failed me once! Solid, durable, highly efficient, and great battery.",positive
Fair build quality for daily routine usage.,neutral
Item arrived on time. Packaging was standard.,neutral
Standard instructions included in the box. Works okay.,neutral
Couldn't be happier with this choice! Premium feel at a very affordable price.,positive
Order processed normally. Item matches the online pictures.,neutral
"Excellent build quality! Fits perfectly, looks stylish, and feels premium.",positive
Awesome product! Arrived earlier than expected in pristine untouched condition.,positive
Customer service was exceptionally helpful and resolved my query instantly with a smile.,positive
"Extremely slow delivery, took 4 weeks and package was crushed.",negative
"Lightweight, powerful, sleek design, and charges up super quickly.",positive
Standard shipping time. Fits true to size.,neutral
Fantastic customer support! Replaced my item immediately without any hassle.,positive
Couldn't be happier with this choice! Premium feel at a very affordable price.,positive
Best purchase ever. Works flawlessly and value for money is top-notch.,positive
Works like magic! Setup was a total breeze and everything runs smoothly.,positive
Customer service was exceptionally helpful and resolved my query instantly with a smile.,positive
Extremely bad experience! Software is full of bugs and freezes.,negative
Exceeded all my expectations! Truly high performance and great build quality.,positive
"Highly recommended! Outstanding craftsmanship, durable materials, and great seller.",positive
Worst purchase ever made. Display has dead pixels and flickering lines.,negative
"Top-notch performance! Super smooth, zero lag, love using it every single day.",positive
"Battery life is terrible, dies within an hour of light usage.",negative
Controls are completely unresponsive. Impossible to use properly.,negative
"Not good at all! Flimsy material, buttons stuck immediately.",negative
"Five stars without doubt! Remarkable clarity, deep bass, and superb sound.",positive
"Plain design, normal weight, performs standard tasks.",neutral
Works like magic! Setup was a total breeze and everything runs smoothly.,positive
Exceeded all my expectations! Truly high performance and great build quality.,positive
Extremely happy with this purchase. Outstanding performance and super fast delivery.,positive
Zero quality control! Arrived broken and support ignored all my emails.,negative
Horrible experience! Drains battery in 30 minutes and gets dangerously hot.,negative
Works like magic! Setup was a total breeze and everything runs smoothly.,positive
False advertising! The product does not look anything like the photos.,negative
False advertising! The product does not look anything like the photos.,negative
"Never failed me once! Solid, durable, highly efficient, and great battery.",positive
"Not good at all! Flimsy material, buttons stuck immediately.",negative
"Extremely slow delivery, took 4 weeks and package was crushed.",negative
Horrible experience! Drains battery in 30 minutes and gets dangerously hot.,negative
Defective product! Stopped working completely after just two days.,negative
Utterly useless. Save your hard-earned money and buy something else.,negative
"Never failed me once! Solid, durable, highly efficient, and great battery.",positive
Basic entry-level functionality. Adequate for simple tasks.,neutral
Overpriced piece of junk! Performs far worse than cheap alternatives.,negative
Exceeded all my expectations! Truly high performance and great build quality.,positive
Terrible quality! Broke down on the very first day of normal usage.,negative
Average product. It works fine for basic daily tasks.,neutral
Fantastic customer support! Replaced my item immediately without any hassle.,positive
Horrendous noise during operation. Unbearable sound quality.,negative
Overpriced piece of junk! Performs far worse than cheap alternatives.,negative
"Delighted with this item. Packed safely, delivered early, works like a charm.",positive
Functions properly. Satisfactory for entry-level users.,neutral
Awesome product! Arrived earlier than expected in pristine untouched condition.,positive
Overpriced piece of junk! Performs far worse than cheap alternatives.,negative
Product is acceptable. Delivery took standard 4 business days.,neutral
It gets the job done. Middle of the road option.,neutral
Frustrating and glitchy! Keeps crashing and freezing every 5 minutes.,negative
Product arrived as ordered. Nothing special to report.,neutral
"Five stars without doubt! Remarkable clarity, deep bass, and superb sound.",positive
Overpriced piece of junk! Performs far worse than cheap alternatives.,negative
"Plain design, normal weight, performs standard tasks.",neutral
Horrible experience! Drains battery in 30 minutes and gets dangerously hot.,negative
Product meets basic expectations for the price paid.,neutral
Exceeded all my expectations! Truly high performance and great build quality.,positive
Standard instructions included in the box. Works okay.,neutral
"Great quality fabric, comfortable fit, beautiful finish, and brilliant packaging.",positive
Worst purchase ever made. Display has dead pixels and flickering lines.,negative
"Camera photos are blurry, grainy, and awful in low light.",negative
"Battery life is terrible, dies within an hour of light usage.",negative
"Highly recommended! Outstanding craftsmanship, durable materials, and great seller.",positive
Decent quality considering the price point. Neither bad nor great.,neutral
Unacceptable quality! Snapped in half with minimal gentle pressure.,negative
Functions properly. Satisfactory for entry-level users.,neutral
Regret buying this completely. Horrible performance and cheap build.,negative
Regret buying this completely. Horrible performance and cheap build.,negative
Functions properly. Satisfactory for entry-level users.,neutral
Reasonable quality for basic home usage.,neutral
Surprisingly good quality! Exceeded my expectations for the price.,positive
"Lightweight, powerful, sleek design, and charges up super quickly.",positive
Standard shipping time. Fits true to size.,neutral
"It is okay, functions as advertised without anything extraordinary.",neutral
Seamless experience. Everything works out of the box with no headache.,positive
Works like magic! Setup was a total breeze and everything runs smoothly.,positive
Terrible quality! Broke down on the very first day of normal usage.,negative
Basic entry-level functionality. Adequate for simple tasks.,neutral
Total scam! Sent a used scratched item instead of brand new.,negative
Unacceptable quality! Snapped in half with minimal gentle pressure.,negative
Standard performance as described in the specification manual.,neutral
"Normal unboxing experience. Plain design, standard features.",neutral
Awesome product! Arrived earlier than expected in pristine untouched condition.,positive
Product is acceptable. Delivery took standard 4 business days.,neutral
False advertising! The product does not look anything like the photos.,negative
"Lightweight, powerful, sleek design, and charges up super quickly.",positive
"Not good at all! Flimsy material, buttons stuck immediately.",negative
Fantastic customer support! Replaced my item immediately without any hassle.,positive
Very poor service. Refused to issue a refund for a defective item.,negative
Worst purchase ever made. Display has dead pixels and flickering lines.,negative
"Extremely slow delivery, took 4 weeks and package was crushed.",negative
Awesome product! Arrived earlier than expected in pristine untouched condition.,positive
Surprisingly good quality! Exceeded my expectations for the price.,positive
"Complete waste of money. Cheap plastic feel, useless customer support.",negative
"Love everything about this! Soft texture, sturdy stitching, highly satisfied.",positive
Overpriced piece of junk! Performs far worse than cheap alternatives.,negative
Moderate battery backup of about 6 hours. Acceptable performance.,neutral
"Not bad at all, in fact it turned out to be wonderfully good and reliable.",positive
Extremely bad experience! Software is full of bugs and freezes.,negative
Overpriced piece of junk! Performs far worse than cheap alternatives.,negative
"Average display screen clarity, acceptable contrast for price.",neutral
"Excellent build quality! Fits perfectly, looks stylish, and feels premium.",positive
Surprisingly good quality! Exceeded my expectations for the price.,positive
Surprisingly good quality! Exceeded my expectations for the price.,positive
"Highly recommended! Outstanding craftsmanship, durable materials, and great seller.",positive
Product arrived as ordered. Nothing special to report.,neutral
Item arrived on time. Packaging was standard.,neutral
"Normal unboxing experience. Plain design, standard features.",neutral
"Plain design, normal weight, performs standard tasks.",neutral
Horrible experience! Drains battery in 30 minutes and gets dangerously hot.,negative
"Extremely disappointed. Item arrived scratched, damaged, and non-functional.",negative
Defective product! Stopped working completely after just two days.,negative
"Five stars without doubt! Remarkable clarity, deep bass, and superb sound.",positive
Overpriced piece of junk! Performs far worse than cheap alternatives.,negative
Worst purchase ever made. Display has dead pixels and flickering lines.,negative
"Worst packaging ever, contents were leaked and ruined on arrival.",negative
"Delighted with this item. Packed safely, delivered early, works like a charm.",positive
Reasonable quality for basic home usage.,neutral
Regret buying this completely. Horrible performance and cheap build.,negative
"Excellent build quality! Fits perfectly, looks stylish, and feels premium.",positive
Extremely happy with this purchase. Outstanding performance and super fast delivery.,positive
Extremely bad experience! Software is full of bugs and freezes.,negative
"Worst packaging ever, contents were leaked and ruined on arrival.",negative
Decent quality considering the price point. Neither bad nor great.,neutral
"Extremely disappointed. Item arrived scratched, damaged, and non-functional.",negative
Item arrived on time. Packaging was standard.,neutral
"Extremely disappointed. Item arrived scratched, damaged, and non-functional.",negative
Seamless experience. Everything works out of the box with no headache.,positive
Very poor service. Refused to issue a refund for a defective item.,negative
Reasonable quality for basic home usage.,neutral
Moderate battery backup of about 6 hours. Acceptable performance.,neutral
Total scam! Sent a used scratched item instead of brand new.,negative
"Worst packaging ever, contents were leaked and ruined on arrival.",negative
"This product is absolutely amazing! High quality, works smoothly, and exceeded my expectations.",positive
Frustrating and glitchy! Keeps crashing and freezing every 5 minutes.,negative
Seamless experience. Everything works out of the box with no headache.,positive
"Very pleased with the purchase. Easy to use, great battery backup, zero issues.",positive
"Love everything about this! Soft texture, sturdy stitching, highly satisfied.",positive
"Extremely slow delivery, took 4 weeks and package was crushed.",negative
Order processed normally. Item matches the online pictures.,neutral
"Top-notch performance! Super smooth, zero lag, love using it every single day.",positive
"Worst packaging ever, contents were leaked and ruined on arrival.",negative
Standard performance as described in the specification manual.,neutral
Item arrived on time. Packaging was standard.,neutral
Horrendous noise during operation. Unbearable sound quality.,negative
"Plain design, normal weight, performs standard tasks.",neutral
It gets the job done. Middle of the road option.,neutral
"Never failed me once! Solid, durable, highly efficient, and great battery.",positive
Fantastic customer support! Replaced my item immediately without any hassle.,positive
Unacceptable quality! Snapped in half with minimal gentle pressure.,negative
It gets the job done. Middle of the road option.,neutral
Very poor service. Refused to issue a refund for a defective item.,negative
"Not bad at all, in fact it turned out to be wonderfully good and reliable.",positive
"Delighted with this item. Packed safely, delivered early, works like a charm.",positive
Frustrating and glitchy! Keeps crashing and freezing every 5 minutes.,negative
Exceeded all my expectations! Truly high performance and great build quality.,positive
Frustrating and glitchy! Keeps crashing and freezing every 5 minutes.,negative
Standard performance as described in the specification manual.,neutral
Customer service was exceptionally helpful and resolved my query instantly with a smile.,positive
Total scam! Sent a used scratched item instead of brand new.,negative
Seamless experience. Everything works out of the box with no headache.,positive
"Battery life is terrible, dies within an hour of light usage.",negative
Total scam! Sent a used scratched item instead of brand new.,negative
Standard instructions included in the box. Works okay.,neutral
Average product. It works fine for basic daily tasks.,neutral
Unacceptable quality! Snapped in half with minimal gentle pressure.,negative
Surprisingly good quality! Exceeded my expectations for the price.,positive
"I was hesitant at first, but this turned out to be the best purchase I made.",positive
Overpriced piece of junk! Performs far worse than cheap alternatives.,negative
Order processed normally. Item matches the online pictures.,neutral
Total scam! Sent a used scratched item instead of brand new.,negative
Very poor service. Refused to issue a refund for a defective item.,negative
"Plain design, normal weight, performs standard tasks.",neutral
"Plain design, normal weight, performs standard tasks.",neutral
"Plain design, normal weight, performs standard tasks.",neutral
Standard instructions included in the box. Works okay.,neutral
Total scam! Sent a used scratched item instead of brand new.,negative
Terrible quality! Broke down on the very first day of normal usage.,negative
Very poor service. Refused to issue a refund for a defective item.,negative
Order processed normally. Item matches the online pictures.,neutral
Surprisingly good quality! Exceeded my expectations for the price.,positive
Basic entry-level functionality. Adequate for simple tasks.,neutral
Couldn't be happier with this choice! Premium feel at a very affordable price.,positive
"Extremely slow delivery, took 4 weeks and package was crushed.",negative
Average product. It works fine for basic daily tasks.,neutral
"Highly recommended! Outstanding craftsmanship, durable materials, and great seller.",positive
Total scam! Sent a used scratched item instead of brand new.,negative
Exceeded all my expectations! Truly high performance and great build quality.,positive
"Battery life is terrible, dies within an hour of light usage.",negative
It gets the job done. Middle of the road option.,neutral
Standard instructions included in the box. Works okay.,neutral
Unacceptable quality! Snapped in half with minimal gentle pressure.,negative
Horrible experience! Drains battery in 30 minutes and gets dangerously hot.,negative
Super impressed with the crisp display and battery life. 10 out of 10 recommended!,positive
Product meets basic expectations for the price paid.,neutral
Standard instructions included in the box. Works okay.,neutral
False advertising! The product does not look anything like the photos.,negative
Product is acceptable. Delivery took standard 4 business days.,neutral
Customer service was exceptionally helpful and resolved my query instantly with a smile.,positive
Fair build quality for daily routine usage.,neutral
Unacceptable quality! Snapped in half with minimal gentle pressure.,negative
Basic entry-level functionality. Adequate for simple tasks.,neutral
"Complete waste of money. Cheap plastic feel, useless customer support.",negative
Moderate battery backup of about 6 hours. Acceptable performance.,neutral
Unacceptable quality! Snapped in half with minimal gentle pressure.,negative
"Do not buy this garbage! Missing parts, wrong color, and terrible packaging.",negative
"Very pleased with the purchase. Easy to use, great battery backup, zero issues.",positive
"Top-notch performance! Super smooth, zero lag, love using it every single day.",positive
Worst purchase ever made. Display has dead pixels and flickering lines.,negative
Worst purchase ever made. Display has dead pixels and flickering lines.,negative
"It is okay, functions as advertised without anything extraordinary.",neutral
"Top-notch performance! Super smooth, zero lag, love using it every single day.",positive
"Five stars without doubt! Remarkable clarity, deep bass, and superb sound.",positive
Product arrived as ordered. Nothing special to report.,neutral
"Never failed me once! Solid, durable, highly efficient, and great battery.",positive
"Camera photos are blurry, grainy, and awful in low light.",negative
Super impressed with the crisp display and battery life. 10 out of 10 recommended!,positive
"Five stars without doubt! Remarkable clarity, deep bass, and superb sound.",positive
Extremely happy with this purchase. Outstanding performance and super fast delivery.,positive
Zero quality control! Arrived broken and support ignored all my emails.,negative
"Excellent build quality! Fits perfectly, looks stylish, and feels premium.",positive
Item arrived on time. Packaging was standard.,neutral
It gets the job done. Middle of the road option.,neutral
Customer service was exceptionally helpful and resolved my query instantly with a smile.,positive
Product arrived as ordered. Nothing special to report.,neutral
Moderate battery backup of about 6 hours. Acceptable performance.,neutral
"Never failed me once! Solid, durable, highly efficient, and great battery.",positive
Horrible experience! Drains battery in 30 minutes and gets dangerously hot.,negative
"Very pleased with the purchase. Easy to use, great battery backup, zero issues.",positive
Product is acceptable. Delivery took standard 4 business days.,neutral
"Complete waste of money. Cheap plastic feel, useless customer support.",negative
"Worst packaging ever, contents were leaked and ruined on arrival.",negative
Product is acceptable. Delivery took standard 4 business days.,neutral
"This product is absolutely amazing! High quality, works smoothly, and exceeded my expectations.",positive
Moderate battery backup of about 6 hours. Acceptable performance.,neutral
Terrible quality! Broke down on the very first day of normal usage.,negative
"Wonderful experience! Fast shipping, immaculate packaging, excellent product.",positive
Overpriced piece of junk! Performs far worse than cheap alternatives.,negative
"Plain design, normal weight, performs standard tasks.",neutral
Reasonable quality for basic home usage.,neutral
Order processed normally. Item matches the online pictures.,neutral
Fair build quality for daily routine usage.,neutral
Awesome product! Arrived earlier than expected in pristine untouched condition.,positive
"Extremely disappointed. Item arrived scratched, damaged, and non-functional.",negative
Best purchase ever. Works flawlessly and value for money is top-notch.,positive
Defective product! Stopped working completely after just two days.,negative
Fantastic customer support! Replaced my item immediately without any hassle.,positive
"Great quality fabric, comfortable fit, beautiful finish, and brilliant packaging.",positive
Exceeded all my expectations! Truly high performance and great build quality.,positive
Decent quality considering the price point. Neither bad nor great.,neutral
"Average display screen clarity, acceptable contrast for price.",neutral
It gets the job done. Middle of the road option.,neutral
"Never failed me once! Solid, durable, highly efficient, and great battery.",positive
"It is okay, functions as advertised without anything extraordinary.",neutral
"Delighted with this item. Packed safely, delivered early, works like a charm.",positive
Extremely happy with this purchase. Outstanding performance and super fast delivery.,positive
Horrendous noise during operation. Unbearable sound quality.,negative
Horrendous noise during operation. Unbearable sound quality.,negative
Defective product! Stopped working completely after just two days.,negative
"Worst packaging ever, contents were leaked and ruined on arrival.",negative
"Lightweight, powerful, sleek design, and charges up super quickly.",positive
Horrible experience! Drains battery in 30 minutes and gets dangerously hot.,negative
Surprisingly good quality! Exceeded my expectations for the price.,positive
Controls are completely unresponsive. Impossible to use properly.,negative
"Complete waste of money. Cheap plastic feel, useless customer support.",negative
False advertising! The product does not look anything like the photos.,negative
Standard shipping time. Fits true to size.,neutral
"Battery life is terrible, dies within an hour of light usage.",negative
"Five stars without doubt! Remarkable clarity, deep bass, and superb sound.",positive
"Normal unboxing experience. Plain design, standard features.",neutral
Awesome product! Arrived earlier than expected in pristine untouched condition.,positive
Utterly useless. Save your hard-earned money and buy something else.,negative
Very poor service. Refused to issue a refund for a defective item.,negative
Product meets basic expectations for the price paid.,neutral
"Very pleased with the purchase. Easy to use, great battery backup, zero issues.",positive
Surprisingly good quality! Exceeded my expectations for the price.,positive
"This product is absolutely amazing! High quality, works smoothly, and exceeded my expectations.",positive
Best purchase ever. Works flawlessly and value for money is top-notch.,positive
Fantastic customer support! Replaced my item immediately without any hassle.,positive
Overpriced piece of junk! Performs far worse than cheap alternatives.,negative
"Battery life is terrible, dies within an hour of light usage.",negative
"This product is absolutely amazing! High quality, works smoothly, and exceeded my expectations.",positive
Basic entry-level functionality. Adequate for simple tasks.,neutral
Product meets basic expectations for the price paid.,neutral
"I was hesitant at first, but this turned out to be the best purchase I made.",positive
Product meets basic expectations for the price paid.,neutral
Defective product! Stopped working completely after just two days.,negative
Fantastic customer support! Replaced my item immediately without any hassle.,positive
Best purchase ever. Works flawlessly and value for money is top-notch.,positive
Zero quality control! Arrived broken and support ignored all my emails.,negative
"Not good at all! Flimsy material, buttons stuck immediately.",negative
Product is acceptable. Delivery took standard 4 business days.,neutral
"Do not buy this garbage! Missing parts, wrong color, and terrible packaging.",negative
Surprisingly good quality! Exceeded my expectations for the price.,positive
"Camera photos are blurry, grainy, and awful in low light.",negative
"Extremely disappointed. Item arrived scratched, damaged, and non-functional.",negative
Zero quality control! Arrived broken and support ignored all my emails.,negative
Best purchase ever. Works flawlessly and value for money is top-notch.,positive
Defective product! Stopped working completely after just two days.,negative
It gets the job done. Middle of the road option.,neutral
Utterly useless. Save your hard-earned money and buy something else.,negative
"Complete waste of money. Cheap plastic feel, useless customer support.",negative
Terrible quality! Broke down on the very first day of normal usage.,negative
Customer service was exceptionally helpful and resolved my query instantly with a smile.,positive
"Very pleased with the purchase. Easy to use, great battery backup, zero issues.",positive
"Normal unboxing experience. Plain design, standard features.",neutral
Terrible quality! Broke down on the very first day of normal usage.,negative
Terrible quality! Broke down on the very first day of normal usage.,negative
Decent quality considering the price point. Neither bad nor great.,neutral
"Complete waste of money. Cheap plastic feel, useless customer support.",negative
"Camera photos are blurry, grainy, and awful in low light.",negative
Extremely bad experience! Software is full of bugs and freezes.,negative
"Delighted with this item. Packed safely, delivered early, works like a charm.",positive
"Never failed me once! Solid, durable, highly efficient, and great battery.",positive
Total scam! Sent a used scratched item instead of brand new.,negative
Best purchase ever. Works flawlessly and value for money is top-notch.,positive
Worst purchase ever made. Display has dead pixels and flickering lines.,negative
"Great quality fabric, comfortable fit, beautiful finish, and brilliant packaging.",positive
Super impressed with the crisp display and battery life. 10 out of 10 recommended!,positive
"Lightweight, powerful, sleek design, and charges up super quickly.",positive
False advertising! The product does not look anything like the photos.,negative
"Extremely slow delivery, took 4 weeks and package was crushed.",negative
"It is okay, functions as advertised without anything extraordinary.",neutral
"Not bad at all, in fact it turned out to be wonderfully good and reliable.",positive
Exceeded all my expectations! Truly high performance and great build quality.,positive
"Lightweight, powerful, sleek design, and charges up super quickly.",positive
Fantastic customer support! Replaced my item immediately without any hassle.,positive
"Extremely disappointed. Item arrived scratched, damaged, and non-functional.",negative
Basic entry-level functionality. Adequate for simple tasks.,neutral
Controls are completely unresponsive. Impossible to use properly.,negative
Seamless experience. Everything works out of the box with no headache.,positive
Overpriced piece of junk! Performs far worse than cheap alternatives.,negative
Standard performance as described in the specification manual.,neutral
"Fabric is paper thin, shrunk after first wash, and stitching came apart.",negative
"Highly recommended! Outstanding craftsmanship, durable materials, and great seller.",positive
Horrible experience! Drains battery in 30 minutes and gets dangerously hot.,negative
"Lightweight, powerful, sleek design, and charges up super quickly.",positive
Works like magic! Setup was a total breeze and everything runs smoothly.,positive
Item arrived on time. Packaging was standard.,neutral
Reasonable quality for basic home usage.,neutral
"Complete waste of money. Cheap plastic feel, useless customer support.",negative
Reasonable quality for basic home usage.,neutral
"Worst packaging ever, contents were leaked and ruined on arrival.",negative
Product arrived as ordered. Nothing special to report.,neutral
"Camera photos are blurry, grainy, and awful in low light.",negative
Item arrived on time. Packaging was standard.,neutral
Order processed normally. Item matches the online pictures.,neutral
"Lightweight, powerful, sleek design, and charges up super quickly.",positive
Utterly useless. Save your hard-earned money and buy something else.,negative
"I was hesitant at first, but this turned out to be the best purchase I made.",positive
Zero quality control! Arrived broken and support ignored all my emails.,negative
"Very pleased with the purchase. Easy to use, great battery backup, zero issues.",positive
Standard performance as described in the specification manual.,neutral
Overpriced piece of junk! Performs far worse than cheap alternatives.,negative
Standard instructions included in the box. Works okay.,neutral
Worst purchase ever made. Display has dead pixels and flickering lines.,negative
Functions properly. Satisfactory for entry-level users.,neutral
Item arrived on time. Packaging was standard.,neutral
Functions properly. Satisfactory for entry-level users.,neutral
"Not bad at all, in fact it turned out to be wonderfully good and reliable.",positive
"Worst packaging ever, contents were leaked and ruined on arrival.",negative
"Normal unboxing experience. Plain design, standard features.",neutral
Seamless experience. Everything works out of the box with no headache.,positive
Couldn't be happier with this choice! Premium feel at a very affordable price.,positive
"Highly recommended! Outstanding craftsmanship, durable materials, and great seller.",positive
Overpriced piece of junk! Performs far worse than cheap alternatives.,negative
"Five stars without doubt! Remarkable clarity, deep bass, and superb sound.",positive
"Delighted with this item. Packed safely, delivered early, works like a charm.",positive
Works like magic! Setup was a total breeze and everything runs smoothly.,positive
"Normal unboxing experience. Plain design, standard features.",neutral
Product meets basic expectations for the price paid.,neutral
Works like magic! Setup was a total breeze and everything runs smoothly.,positive
Decent quality considering the price point. Neither bad nor great.,neutral
Average product. It works fine for basic daily tasks.,neutral
Awesome product! Arrived earlier than expected in pristine untouched condition.,positive
Average product. It works fine for basic daily tasks.,neutral
Product arrived as ordered. Nothing special to report.,neutral
Product is acceptable. Delivery took standard 4 business days.,neutral
Frustrating and glitchy! Keeps crashing and freezing every 5 minutes.,negative
"Highly recommended! Outstanding craftsmanship, durable materials, and great seller.",positive
Customer service was exceptionally helpful and resolved my query instantly with a smile.,positive
Exceeded all my expectations! Truly high performance and great build quality.,positive
Functions properly. Satisfactory for entry-level users.,neutral
"Five stars without doubt! Remarkable clarity, deep bass, and superb sound.",positive
"Very pleased with the purchase. Easy to use, great battery backup, zero issues.",positive
Standard performance as described in the specification manual.,neutral
Exceeded all my expectations! Truly high performance and great build quality.,positive
"This product is absolutely amazing! High quality, works smoothly, and exceeded my expectations.",positive
Controls are completely unresponsive. Impossible to use properly.,negative
Item arrived on time. Packaging was standard.,neutral
"Very pleased with the purchase. Easy to use, great battery backup, zero issues.",positive
Couldn't be happier with this choice! Premium feel at a very affordable price.,positive
Product meets basic expectations for the price paid.,neutral
Overpriced piece of junk! Performs far worse than cheap alternatives.,negative
"Camera photos are blurry, grainy, and awful in low light.",negative
Zero quality control! Arrived broken and support ignored all my emails.,negative
"I was hesitant at first, but this turned out to be the best purchase I made.",positive
"Great quality fabric, comfortable fit, beautiful finish, and brilliant packaging.",positive
"Highly recommended! Outstanding craftsmanship, durable materials, and great seller.",positive
"Lightweight, powerful, sleek design, and charges up super quickly.",positive
Zero quality control! Arrived broken and support ignored all my emails.,negative
Works like magic! Setup was a total breeze and everything runs smoothly.,positive
"Extremely disappointed. Item arrived scratched, damaged, and non-functional.",negative
Standard shipping time. Fits true to size.,neutral
"Very pleased with the purchase. Easy to use, great battery backup, zero issues.",positive
Fair build quality for daily routine usage.,neutral
Exceeded all my expectations! Truly high performance and great build quality.,positive
"It is okay, functions as advertised without anything extraordinary.",neutral
Customer service was exceptionally helpful and resolved my query instantly with a smile.,positive
"Five stars without doubt! Remarkable clarity, deep bass, and superb sound.",positive
Product arrived as ordered. Nothing special to report.,neutral
Fantastic customer support! Replaced my item immediately without any hassle.,positive
Fair build quality for daily routine usage.,neutral
Fair build quality for daily routine usage.,neutral
Product meets basic expectations for the price paid.,neutral
Horrible experience! Drains battery in 30 minutes and gets dangerously hot.,negative
"Great quality fabric, comfortable fit, beautiful finish, and brilliant packaging.",positive
"Not good at all! Flimsy material, buttons stuck immediately.",negative
Regret buying this completely. Horrible performance and cheap build.,negative
Frustrating and glitchy! Keeps crashing and freezing every 5 minutes.,negative
Utterly useless. Save your hard-earned money and buy something else.,negative
"Excellent build quality! Fits perfectly, looks stylish, and feels premium.",positive
Best purchase ever. Works flawlessly and value for money is top-notch.,positive
Fantastic customer support! Replaced my item immediately without any hassle.,positive
"Extremely disappointed. Item arrived scratched, damaged, and non-functional.",negative
Product meets basic expectations for the price paid.,neutral
"Love everything about this! Soft texture, sturdy stitching, highly satisfied.",positive
"Complete waste of money. Cheap plastic feel, useless customer support.",negative
"I was hesitant at first, but this turned out to be the best purchase I made.",positive
Exceeded all my expectations! Truly high performance and great build quality.,positive
Unacceptable quality! Snapped in half with minimal gentle pressure.,negative
"Normal unboxing experience. Plain design, standard features.",neutral
"Very pleased with the purchase. Easy to use, great battery backup, zero issues.",positive
Horrendous noise during operation. Unbearable sound quality.,negative
Awesome product! Arrived earlier than expected in pristine untouched condition.,positive
Utterly useless. Save your hard-earned money and buy something else.,negative
Product arrived as ordered. Nothing special to report.,neutral
"Plain design, normal weight, performs standard tasks.",neutral
Utterly useless. Save your hard-earned money and buy something else.,negative
Customer service was exceptionally helpful and resolved my query instantly with a smile.,positive
"It is okay, functions as advertised without anything extraordinary.",neutral
Functions properly. Satisfactory for entry-level users.,neutral
Defective product! Stopped working completely after just two days.,negative
"Highly recommended! Outstanding craftsmanship, durable materials, and great seller.",positive
"Complete waste of money. Cheap plastic feel, useless customer support.",negative
Horrible experience! Drains battery in 30 minutes and gets dangerously hot.,negative
"Extremely slow delivery, took 4 weeks and package was crushed.",negative
"Love everything about this! Soft texture, sturdy stitching, highly satisfied.",positive
Functions properly. Satisfactory for entry-level users.,neutral
"Fabric is paper thin, shrunk after first wash, and stitching came apart.",negative
Zero quality control! Arrived broken and support ignored all my emails.,negative
"Top-notch performance! Super smooth, zero lag, love using it every single day.",positive
"Do not buy this garbage! Missing parts, wrong color, and terrible packaging.",negative
Reasonable quality for basic home usage.,neutral
Surprisingly good quality! Exceeded my expectations for the price.,positive
Seamless experience. Everything works out of the box with no headache.,positive
"Camera photos are blurry, grainy, and awful in low light.",negative
Reasonable quality for basic home usage.,neutral
Standard shipping time. Fits true to size.,neutral
Average product. It works fine for basic daily tasks.,neutral
Utterly useless. Save your hard-earned money and buy something else.,negative
Reasonable quality for basic home usage.,neutral
Horrendous noise during operation. Unbearable sound quality.,negative
Best purchase ever. Works flawlessly and value for money is top-notch.,positive
Couldn't be happier with this choice! Premium feel at a very affordable price.,positive
Seamless experience. Everything works out of the box with no headache.,positive
"Extremely disappointed. Item arrived scratched, damaged, and non-functional.",negative
"Very pleased with the purchase. Easy to use, great battery backup, zero issues.",positive
"Love everything about this! Soft texture, sturdy stitching, highly satisfied.",positive
It gets the job done. Middle of the road option.,neutral
Extremely bad experience! Software is full of bugs and freezes.,negative
"Fabric is paper thin, shrunk after first wash, and stitching came apart.",negative
"Battery life is terrible, dies within an hour of light usage.",negative
Extremely bad experience! Software is full of bugs and freezes.,negative
Standard performance as described in the specification manual.,neutral
"Complete waste of money. Cheap plastic feel, useless customer support.",negative
"Very pleased with the purchase. Easy to use, great battery backup, zero issues.",positive
"Five stars without doubt! Remarkable clarity, deep bass, and superb sound.",positive
"Lightweight, powerful, sleek design, and charges up super quickly.",positive
"It is okay, functions as advertised without anything extraordinary.",neutral
"Never failed me once! Solid, durable, highly efficient, and great battery.",positive
"It is okay, functions as advertised without anything extraordinary.",neutral
Frustrating and glitchy! Keeps crashing and freezing every 5 minutes.,negative
Basic entry-level functionality. Adequate for simple tasks.,neutral
"Love everything about this! Soft texture, sturdy stitching, highly satisfied.",positive
"Excellent build quality! Fits perfectly, looks stylish, and feels premium.",positive
"Excellent build quality! Fits perfectly, looks stylish, and feels premium.",positive
"Plain design, normal weight, performs standard tasks.",neutral
"Top-notch performance! Super smooth, zero lag, love using it every single day.",positive
Frustrating and glitchy! Keeps crashing and freezing every 5 minutes.,negative
Utterly useless. Save your hard-earned money and buy something else.,negative
"Not bad at all, in fact it turned out to be wonderfully good and reliable.",positive
Very poor service. Refused to issue a refund for a defective item.,negative
Product arrived as ordered. Nothing special to report.,neutral
Extremely bad experience! Software is full of bugs and freezes.,negative
Basic entry-level functionality. Adequate for simple tasks.,neutral
Fair build quality for daily routine usage.,neutral
Utterly useless. Save your hard-earned money and buy something else.,negative
Zero quality control! Arrived broken and support ignored all my emails.,negative
Product is acceptable. Delivery took standard 4 business days.,neutral
"Highly recommended! Outstanding craftsmanship, durable materials, and great seller.",positive
Reasonable quality for basic home usage.,neutral
Product arrived as ordered. Nothing special to report.,neutral
It gets the job done. Middle of the road option.,neutral
Horrendous noise during operation. Unbearable sound quality.,negative
Decent quality considering the price point. Neither bad nor great.,neutral
Seamless experience. Everything works out of the box with no headache.,positive
Order processed normally. Item matches the online pictures.,neutral
"Extremely slow delivery, took 4 weeks and package was crushed.",negative
"Not bad at all, in fact it turned out to be wonderfully good and reliable.",positive
Decent quality considering the price point. Neither bad nor great.,neutral
Decent quality considering the price point. Neither bad nor great.,neutral
"Not bad at all, in fact it turned out to be wonderfully good and reliable.",positive
Defective product! Stopped working completely after just two days.,negative
Best purchase ever. Works flawlessly and value for money is top-notch.,positive
It gets the job done. Middle of the road option.,neutral
"Do not buy this garbage! Missing parts, wrong color, and terrible packaging.",negative
"Wonderful experience! Fast shipping, immaculate packaging, excellent product.",positive
"Plain design, normal weight, performs standard tasks.",neutral
Standard performance as described in the specification manual.,neutral
Standard shipping time. Fits true to size.,neutral
Average product. It works fine for basic daily tasks.,neutral
"Great quality fabric, comfortable fit, beautiful finish, and brilliant packaging.",positive
"Wonderful experience! Fast shipping, immaculate packaging, excellent product.",positive
"Not good at all! Flimsy material, buttons stuck immediately.",negative
Decent quality considering the price point. Neither bad nor great.,neutral
Unacceptable quality! Snapped in half with minimal gentle pressure.,negative
Basic entry-level functionality. Adequate for simple tasks.,neutral
Worst purchase ever made. Display has dead pixels and flickering lines.,negative
Unacceptable quality! Snapped in half with minimal gentle pressure.,negative
Controls are completely unresponsive. Impossible to use properly.,negative
Extremely bad experience! Software is full of bugs and freezes.,negative
"Very pleased with the purchase. Easy to use, great battery backup, zero issues.",positive
"Camera photos are blurry, grainy, and awful in low light.",negative
"Extremely disappointed. Item arrived scratched, damaged, and non-functional.",negative
Frustrating and glitchy! Keeps crashing and freezing every 5 minutes.,negative
False advertising! The product does not look anything like the photos.,negative
Best purchase ever. Works flawlessly and value for money is top-notch.,positive
Average product. It works fine for basic daily tasks.,neutral
"Average display screen clarity, acceptable contrast for price.",neutral
Extremely happy with this purchase. Outstanding performance and super fast delivery.,positive
Functions properly. Satisfactory for entry-level users.,neutral
"Lightweight, powerful, sleek design, and charges up super quickly.",positive
Extremely bad experience! Software is full of bugs and freezes.,negative
Product meets basic expectations for the price paid.,neutral
Awesome product! Arrived earlier than expected in pristine untouched condition.,positive
"Highly recommended! Outstanding craftsmanship, durable materials, and great seller.",positive
Item arrived on time. Packaging was standard.,neutral
Decent quality considering the price point. Neither bad nor great.,neutral
Exceeded all my expectations! Truly high performance and great build quality.,positive
Standard instructions included in the box. Works okay.,neutral
Standard instructions included in the box. Works okay.,neutral
Product arrived as ordered. Nothing special to report.,neutral
Total scam! Sent a used scratched item instead of brand new.,negative
"Not good at all! Flimsy material, buttons stuck immediately.",negative
"It is okay, functions as advertised without anything extraordinary.",neutral
Extremely happy with this purchase. Outstanding performance and super fast delivery.,positive
Worst purchase ever made. Display has dead pixels and flickering lines.,negative
"Extremely disappointed. Item arrived scratched, damaged, and non-functional.",negative
Extremely happy with this purchase. Outstanding performance and super fast delivery.,positive
"Fabric is paper thin, shrunk after first wash, and stitching came apart.",negative
Average product. It works fine for basic daily tasks.,neutral
"Complete waste of money. Cheap plastic feel, useless customer support.",negative
Frustrating and glitchy! Keeps crashing and freezing every 5 minutes.,negative
"Top-notch performance! Super smooth, zero lag, love using it every single day.",positive
"Highly recommended! Outstanding craftsmanship, durable materials, and great seller.",positive
Works like magic! Setup was a total breeze and everything runs smoothly.,positive
Utterly useless. Save your hard-earned money and buy something else.,negative
"Highly recommended! Outstanding craftsmanship, durable materials, and great seller.",positive
"Never failed me once! Solid, durable, highly efficient, and great battery.",positive
Extremely happy with this purchase. Outstanding performance and super fast delivery.,positive
Controls are completely unresponsive. Impossible to use properly.,negative
"Plain design, normal weight, performs standard tasks.",neutral
Standard performance as described in the specification manual.,neutral
Regret buying this completely. Horrible performance and cheap build.,negative
"Extremely slow delivery, took 4 weeks and package was crushed.",negative
"Complete waste of money. Cheap plastic feel, useless customer support.",negative
"Five stars without doubt! Remarkable clarity, deep bass, and superb sound.",positive
"Not bad at all, in fact it turned out to be wonderfully good and reliable.",positive
"Highly recommended! Outstanding craftsmanship, durable materials, and great seller.",positive
"Not bad at all, in fact it turned out to be wonderfully good and reliable.",positive
Reasonable quality for basic home usage.,neutral
Defective product! Stopped working completely after just two days.,negative
Reasonable quality for basic home usage.,neutral
"I was hesitant at first, but this turned out to be the best purchase I made.",positive
Item arrived on time. Packaging was standard.,neutral
"Fabric is paper thin, shrunk after first wash, and stitching came apart.",negative
"Five stars without doubt! Remarkable clarity, deep bass, and superb sound.",positive
Overpriced piece of junk! Performs far worse than cheap alternatives.,negative
Standard shipping time. Fits true to size.,neutral
Decent quality considering the price point. Neither bad nor great.,neutral
"I was hesitant at first, but this turned out to be the best purchase I made.",positive
"Love everything about this! Soft texture, sturdy stitching, highly satisfied.",positive
Basic entry-level functionality. Adequate for simple tasks.,neutral
"Do not buy this garbage! Missing parts, wrong color, and terrible packaging.",negative
"Fabric is paper thin, shrunk after first wash, and stitching came apart.",negative
"Lightweight, powerful, sleek design, and charges up super quickly.",positive
Basic entry-level functionality. Adequate for simple tasks.,neutral
Fantastic customer support! Replaced my item immediately without any hassle.,positive
Seamless experience. Everything works out of the box with no headache.,positive
Surprisingly good quality! Exceeded my expectations for the price.,positive
Horrendous noise during operation. Unbearable sound quality.,negative
"Wonderful experience! Fast shipping, immaculate packaging, excellent product.",positive
Frustrating and glitchy! Keeps crashing and freezing every 5 minutes.,negative
"Highly recommended! Outstanding craftsmanship, durable materials, and great seller.",positive
"Highly recommended! Outstanding craftsmanship, durable materials, and great seller.",positive
Decent quality considering the price point. Neither bad nor great.,neutral
Fantastic customer support! Replaced my item immediately without any hassle.,positive
"Wonderful experience! Fast shipping, immaculate packaging, excellent product.",positive
Standard instructions included in the box. Works okay.,neutral
Basic entry-level functionality. Adequate for simple tasks.,neutral
"Excellent build quality! Fits perfectly, looks stylish, and feels premium.",positive
"Camera photos are blurry, grainy, and awful in low light.",negative
"This product is absolutely amazing! High quality, works smoothly, and exceeded my expectations.",positive
"Top-notch performance! Super smooth, zero lag, love using it every single day.",positive
"Normal unboxing experience. Plain design, standard features.",neutral
"Battery life is terrible, dies within an hour of light usage.",negative
"Average display screen clarity, acceptable contrast for price.",neutral
"Complete waste of money. Cheap plastic feel, useless customer support.",negative
Regret buying this completely. Horrible performance and cheap build.,negative
Moderate battery backup of about 6 hours. Acceptable performance.,neutral
"It is okay, functions as advertised without anything extraordinary.",neutral
Seamless experience. Everything works out of the box with no headache.,positive
Extremely happy with this purchase. Outstanding performance and super fast delivery.,positive
"Fabric is paper thin, shrunk after first wash, and stitching came apart.",negative
Fantastic customer support! Replaced my item immediately without any hassle.,positive
"Fabric is paper thin, shrunk after first wash, and stitching came apart.",negative
Horrendous noise during operation. Unbearable sound quality.,negative
Terrible quality! Broke down on the very first day of normal usage.,negative
"Love everything about this! Soft texture, sturdy stitching, highly satisfied.",positive
Very poor service. Refused to issue a refund for a defective item.,negative
"Extremely disappointed. Item arrived scratched, damaged, and non-functional.",negative
Standard shipping time. Fits true to size.,neutral
Average product. It works fine for basic daily tasks.,neutral
Exceeded all my expectations! Truly high performance and great build quality.,positive
Product meets basic expectations for the price paid.,neutral
Moderate battery backup of about 6 hours. Acceptable performance.,neutral
"Great quality fabric, comfortable fit, beautiful finish, and brilliant packaging.",positive
Controls are completely unresponsive. Impossible to use properly.,negative
Functions properly. Satisfactory for entry-level users.,neutral
Reasonable quality for basic home usage.,neutral
Frustrating and glitchy! Keeps crashing and freezing every 5 minutes.,negative
"Highly recommended! Outstanding craftsmanship, durable materials, and great seller.",positive
Item arrived on time. Packaging was standard.,neutral
Super impressed with the crisp display and battery life. 10 out of 10 recommended!,positive
"Plain design, normal weight, performs standard tasks.",neutral
False advertising! The product does not look anything like the photos.,negative
Zero quality control! Arrived broken and support ignored all my emails.,negative
"Do not buy this garbage! Missing parts, wrong color, and terrible packaging.",negative
"Average display screen clarity, acceptable contrast for price.",neutral
"Delighted with this item. Packed safely, delivered early, works like a charm.",positive
"Fabric is paper thin, shrunk after first wash, and stitching came apart.",negative
Terrible quality! Broke down on the very first day of normal usage.,negative
Zero quality control! Arrived broken and support ignored all my emails.,negative
Best purchase ever. Works flawlessly and value for money is top-notch.,positive
Super impressed with the crisp display and battery life. 10 out of 10 recommended!,positive
Controls are completely unresponsive. Impossible to use properly.,negative
"Lightweight, powerful, sleek design, and charges up super quickly.",positive
"Normal unboxing experience. Plain design, standard features.",neutral
Frustrating and glitchy! Keeps crashing and freezing every 5 minutes.,negative
Works like magic! Setup was a total breeze and everything runs smoothly.,positive
Average product. It works fine for basic daily tasks.,neutral
Horrendous noise during operation. Unbearable sound quality.,negative
Order processed normally. Item matches the online pictures.,neutral
"Normal unboxing experience. Plain design, standard features.",neutral
Standard shipping time. Fits true to size.,neutral
Controls are completely unresponsive. Impossible to use properly.,negative
Seamless experience. Everything works out of the box with no headache.,positive
"Do not buy this garbage! Missing parts, wrong color, and terrible packaging.",negative
"Worst packaging ever, contents were leaked and ruined on arrival.",negative
Standard shipping time. Fits true to size.,neutral
Worst purchase ever made. Display has dead pixels and flickering lines.,negative
Average product. It works fine for basic daily tasks.,neutral
False advertising! The product does not look anything like the photos.,negative
Controls are completely unresponsive. Impossible to use properly.,negative
Couldn't be happier with this choice! Premium feel at a very affordable price.,positive
Couldn't be happier with this choice! Premium feel at a very affordable price.,positive
"Great quality fabric, comfortable fit, beautiful finish, and brilliant packaging.",positive
Decent quality considering the price point. Neither bad nor great.,neutral
Couldn't be happier with this choice! Premium feel at a very affordable price.,positive
Item arrived on time. Packaging was standard.,neutral
"Do not buy this garbage! Missing parts, wrong color, and terrible packaging.",negative
Terrible quality! Broke down on the very first day of normal usage.,negative
Customer service was exceptionally helpful and resolved my query instantly with a smile.,positive
"It is okay, functions as advertised without anything extraordinary.",neutral
Horrible experience! Drains battery in 30 minutes and gets dangerously hot.,negative
Frustrating and glitchy! Keeps crashing and freezing every 5 minutes.,negative
Extremely happy with this purchase. Outstanding performance and super fast delivery.,positive
Functions properly. Satisfactory for entry-level users.,neutral
Fair build quality for daily routine usage.,neutral
Couldn't be happier with this choice! Premium feel at a very affordable price.,positive
"I was hesitant at first, but this turned out to be the best purchase I made.",positive
"Great quality fabric, comfortable fit, beautiful finish, and brilliant packaging.",positive
"Very pleased with the purchase. Easy to use, great battery backup, zero issues.",positive
"Highly recommended! Outstanding craftsmanship, durable materials, and great seller.",positive
Extremely bad experience! Software is full of bugs and freezes.,negative
It gets the job done. Middle of the road option.,neutral
"Average display screen clarity, acceptable contrast for price.",neutral
Extremely happy with this purchase. Outstanding performance and super fast delivery.,positive
Zero quality control! Arrived broken and support ignored all my emails.,negative
Horrendous noise during operation. Unbearable sound quality.,negative
Surprisingly good quality! Exceeded my expectations for the price.,positive
Extremely bad experience! Software is full of bugs and freezes.,negative
"Camera photos are blurry, grainy, and awful in low light.",negative
Horrible experience! Drains battery in 30 minutes and gets dangerously hot.,negative
"Top-notch performance! Super smooth, zero lag, love using it every single day.",positive
"Plain design, normal weight, performs standard tasks.",neutral
"Wonderful experience! Fast shipping, immaculate packaging, excellent product.",positive
Regret buying this completely. Horrible performance and cheap build.,negative
Very poor service. Refused to issue a refund for a defective item.,negative
Decent quality considering the price point. Neither bad nor great.,neutral
Controls are completely unresponsive. Impossible to use properly.,negative
Total scam! Sent a used scratched item instead of brand new.,negative
Terrible quality! Broke down on the very first day of normal usage.,negative
Exceeded all my expectations! Truly high performance and great build quality.,positive
Very poor service. Refused to issue a refund for a defective item.,negative
Horrendous noise during operation. Unbearable sound quality.,negative
"Do not buy this garbage! Missing parts, wrong color, and terrible packaging.",negative
Controls are completely unresponsive. Impossible to use properly.,negative
It gets the job done. Middle of the road option.,neutral
"Average display screen clarity, acceptable contrast for price.",neutral
"Five stars without doubt! Remarkable clarity, deep bass, and superb sound.",positive
Works like magic! Setup was a total breeze and everything runs smoothly.,positive
It gets the job done. Middle of the road option.,neutral
Works like magic! Setup was a total breeze and everything runs smoothly.,positive
"Excellent build quality! Fits perfectly, looks stylish, and feels premium.",positive
Worst purchase ever made. Display has dead pixels and flickering lines.,negative
"Worst packaging ever, contents were leaked and ruined on arrival.",negative
Reasonable quality for basic home usage.,neutral
"Great quality fabric, comfortable fit, beautiful finish, and brilliant packaging.",positive
Product is acceptable. Delivery took standard 4 business days.,neutral
"I was hesitant at first, but this turned out to be the best purchase I made.",positive
"Complete waste of money. Cheap plastic feel, useless customer support.",negative
"Extremely slow delivery, took 4 weeks and package was crushed.",negative
Functions properly. Satisfactory for entry-level users.,neutral
Fantastic customer support! Replaced my item immediately without any hassle.,positive
"Very pleased with the purchase. Easy to use, great battery backup, zero issues.",positive
"Plain design, normal weight, performs standard tasks.",neutral
"Love everything about this! Soft texture, sturdy stitching, highly satisfied.",positive
"Battery life is terrible, dies within an hour of light usage.",negative
Total scam! Sent a used scratched item instead of brand new.,negative
"Love everything about this! Soft texture, sturdy stitching, highly satisfied.",positive
"This product is absolutely amazing! High quality, works smoothly, and exceeded my expectations.",positive
"Love everything about this! Soft texture, sturdy stitching, highly satisfied.",positive
Overpriced piece of junk! Performs far worse than cheap alternatives.,negative
"Plain design, normal weight, performs standard tasks.",neutral
"Battery life is terrible, dies within an hour of light usage.",negative
Standard shipping time. Fits true to size.,neutral
Moderate battery backup of about 6 hours. Acceptable performance.,neutral
"Love everything about this! Soft texture, sturdy stitching, highly satisfied.",positive
"I was hesitant at first, but this turned out to be the best purchase I made.",positive
Order processed normally. Item matches the online pictures.,neutral
"I was hesitant at first, but this turned out to be the best purchase I made.",positive
"Not good at all! Flimsy material, buttons stuck immediately.",negative
"Excellent build quality! Fits perfectly, looks stylish, and feels premium.",positive
"Do not buy this garbage! Missing parts, wrong color, and terrible packaging.",negative
"Highly recommended! Outstanding craftsmanship, durable materials, and great seller.",positive
Regret buying this completely. Horrible performance and cheap build.,negative
"Battery life is terrible, dies within an hour of light usage.",negative
Product arrived as ordered. Nothing special to report.,neutral
Frustrating and glitchy! Keeps crashing and freezing every 5 minutes.,negative
Customer service was exceptionally helpful and resolved my query instantly with a smile.,positive
"Top-notch performance! Super smooth, zero lag, love using it every single day.",positive
It gets the job done. Middle of the road option.,neutral
"Fabric is paper thin, shrunk after first wash, and stitching came apart.",negative
"Never failed me once! Solid, durable, highly efficient, and great battery.",positive
Defective product! Stopped working completely after just two days.,negative
Defective product! Stopped working completely after just two days.,negative
Zero quality control! Arrived broken and support ignored all my emails.,negative
Horrendous noise during operation. Unbearable sound quality.,negative
"Extremely slow delivery, took 4 weeks and package was crushed.",negative
"Five stars without doubt! Remarkable clarity, deep bass, and superb sound.",positive
"Normal unboxing experience. Plain design, standard features.",neutral
"Delighted with this item. Packed safely, delivered early, works like a charm.",positive
"Highly recommended! Outstanding craftsmanship, durable materials, and great seller.",positive
"Excellent build quality! Fits perfectly, looks stylish, and feels premium.",positive
Utterly useless. Save your hard-earned money and buy something else.,negative
Fair build quality for daily routine usage.,neutral
Product arrived as ordered. Nothing special to report.,neutral
Exceeded all my expectations! Truly high performance and great build quality.,positive
Very poor service. Refused to issue a refund for a defective item.,negative
Standard performance as described in the specification manual.,neutral
"Worst packaging ever, contents were leaked and ruined on arrival.",negative
"I was hesitant at first, but this turned out to be the best purchase I made.",positive
"Not good at all! Flimsy material, buttons stuck immediately.",negative
"Average display screen clarity, acceptable contrast for price.",neutral
"Battery life is terrible, dies within an hour of light usage.",negative
Terrible quality! Broke down on the very first day of normal usage.,negative
"Battery life is terrible, dies within an hour of light usage.",negative
Product meets basic expectations for the price paid.,neutral
Customer service was exceptionally helpful and resolved my query instantly with a smile.,positive
It gets the job done. Middle of the road option.,neutral
Couldn't be happier with this choice! Premium feel at a very affordable price.,positive
Item arrived on time. Packaging was standard.,neutral
False advertising! The product does not look anything like the photos.,negative
"Camera photos are blurry, grainy, and awful in low light.",negative
Horrible experience! Drains battery in 30 minutes and gets dangerously hot.,negative
"Battery life is terrible, dies within an hour of light usage.",negative
"Not bad at all, in fact it turned out to be wonderfully good and reliable.",positive
Frustrating and glitchy! Keeps crashing and freezing every 5 minutes.,negative
Surprisingly good quality! Exceeded my expectations for the price.,positive
